question_text_original,question_text_rewritten,answer,flag
"As the crow flies, to the nearest kilometre, how far apart are the towns or cities where these football managers were born?","As the crow flies, to the nearest kilometre, how far apart are the towns or cities where football managers Pep Guardiola and Mikel Arteta were born?","356 km (Pep Guardiola was born in Santpedor, Catalonia; Mikel Arteta was born in San Sebastián, Basque Country)",
How many times is the title sung in the original version of this Beyoncé song?,,25,song not identified in answer text
How many days passed between the births of the two 'Star Wars' actors pictured here?,How many days passed between the births of the two 'Star Wars' actors Liam Neeson and Ewan McGregor?,"6,871 days (Liam Neeson born 1952; Ewan McGregor born 1971)",
"The world record for the largest mosaic to be made using M&Ms was set in 2017. To the nearest whole number, divide the number of M&Ms used to make that mosaic by the number of them visible in this photo.",,"5,205 (291,590 divided by 56)",number of M&Ms visible in photo cannot be determined from answer text
"As the crow flies, to the nearest kilometre, how far apart are the birthplaces of these two musicians?","As the crow flies, to the nearest kilometre, how far apart are the birthplaces of musicians Bob Marley and Mick Jagger?","8,628km (Bob Marley was born in Nine Mile, Jamaica; Mick Jagger in Dartford, England)",
How many weeks old was this celebrity when they publicly came out as transgender in a TV interview?,How many weeks old was Caitlyn Jenner (then known as Bruce Jenner) when she publicly came out as transgender in a TV interview?,"3,416 weeks (On April 24th 2015 when she was 65 years old. Bruce Jenner, later Caitlyn Jenner, was born October 29th 1949)",
"On January 1st 2026, according to the Wikipedia list, where did the building pictured here rank in the list of tallest buildings in the world?","On January 1st 2026, according to the Wikipedia list, where did the Empire State Building rank in the list of tallest buildings in the world?",60th (Empire State Building),
"Pictured here are two skyscrapers found in Manhattan. When measured to their tips, how many feet taller is the building on the right than the building on the left?","Comparing two skyscrapers found in Manhattan, One World Trade Center and the Empire State Building, when measured to their tips, how many feet taller is One World Trade Center than the Empire State Building?","338 feet (One World Trade Centre - 1,792ft; Empire State Building - 1,454ft)",
How many minutes into the movie 'Paddington' is this picture taken from?,,11 minutes,specific film moment/scene cannot be identified from answer text
How many days separated the dates when these two songs first entered the singles charts in the USA?,,"7,329 days (The Gap Band song 'Oops Upside Your Head' was originally released under the title 'I Don't Believe You Want to Get Up and Dance [Oops!]' and first charted March 29th 1980. 'Oops!... I Did",answer text is truncated; second song title not fully confirmed
How many months separated the initial opening of this Disneyland attraction and the release of the first feature-length movie that is based upon it?,How many months separated the initial opening of the Pirates of the Caribbean Disneyland attraction and the release of the first feature-length movie based upon it?,435 months (The Pirates of the Caribbean attraction opened March 18th 1967; 'Pirates of the Caribbean: The Curse of the Black Pearl' was released June 28th 2003),
How many days separated the births of these two actors?,How many days separated the births of actors Hugh Jackman and Ryan Reynolds?,"2,933 days (Hugh Jackman born October 12th 1968; Ryan Reynolds born October 23rd 1976)",
How many weeks apart were these two singles released?,How many weeks apart were Billy Joel's and Bruno Mars' singles released?,"1,707 weeks (Billy Joel's released Nov 1st 1977; Bruno Mars' released July 20th 2010)",
How many days separated the births of the two people pictured here?,How many days separated the births of Steve Jobs and Bill Gates?,246 days (Steve Jobs - February 1955; Bill Gates - October 1955),
"As the crow flies, to the nearest mile, how far apart are the hometowns of these celebrities?","As the crow flies, to the nearest mile, how far apart are the hometowns of celebrities Cynthia Erivo and Ariana Grande?","3,446 miles (Cynthia Eriva was born in Stockwell, London; Ariana Grande was born in Boca Raton, Florida)",
How many months separated the births of this actor and the musician that he is playing in this picture?,"How many months separated the births of actor Austin Butler and the musician he played, Elvis Presley?",679 months (Austin Butler born Aug 17th 1991; Elvis Presley born Jan 8th 1935),
How many months were there between the death of the real-life character pictured here and the birth of the actor who is playing him?,"How many months were there between the death of Alexander Hamilton and the birth of Lin-Manuel Miranda, the actor who played him?","2,106 months (Alexander Hamilton died July 12th 1804; Lin-Manuel Miranda born Jan 16th 1980)",
"In the movie 'Deadpool & Wolverine', how many minutes pass before this character appears on screen for the first time?",,56 minutes,character in 'Deadpool & Wolverine' not named in answer text
"How many months separated the first comic book appearance of this character, and the premiere of his first Marvel Cinematic Universe movie?",How many months separated the first comic book appearance of Doctor Strange and the premiere of his first Marvel Cinematic Universe movie?,639 months (Doctor Strange first appeared in the July 1963 edition of 'Strange Tales'; the movie 'Doctor Strange' premiered October 2016),
How many minutes into the movie 'Die Hard' was this picture taken from?,,51 minutes,specific film moment/scene cannot be identified from answer text
How many years apart are these Will Smith movies set?,How many years apart are the Will Smith movies 'Wild Wild West' and 'After Earth' set?,"1,202 years ('Wild Wild West' is set in 1869; 'After Earth' is set in 3071)",
How many months after the first public screening of the first 'Star Wars' film was this particular Lego set released?,How many months after the first public screening of the first 'Star Wars' film was the LEGO 75192 Star Wars Millennium Falcon set released?,484 months (First public screening of 'Star Wars' - May 1st 1977; LEGO 75192 Star Wars Millennium Falcon released Sept 14th 2017),
"In minutes, what is the total running time of the two films pictured here?","In minutes, what is the total running time of the films 'E.T. the Extra-Terrestrial' and 'Mars Attacks!'?",220 (E.T. 114 + Mars Attacks! 106),
How many months separated the release of these two singles?,"How many months separated the release of the two singles both titled 'More Than A Woman', by the Bee Gees and by Aaliyah?",281 months ('More Than A Woman' by Bee Gees was released April 1978; 'More Than A Woman' by Aaliyah was released September 2001),
"In days, what is the age difference between these famous sisters?","In days, what is the age difference between sisters Kendall Jenner and Kylie Jenner?","646 days (Kendall Jenner born Nov 3rd 1995, Kylie Jenner born Aug 10th 1997)",
"Including the opening credits, how many minutes into the movie 'The Wolf of Wall Street' was this picture taken from?",,116 minutes (1 hour 56 minutes),specific film moment/scene cannot be identified from answer text
How many days separated the deaths of these two actors?,How many days separated the deaths of actors Roger Moore and Sean Connery?,"1,257 days (Roger Moore died May 23rd 2017; Sean Connery October 31st 2020)",
How many full months passed between the births of the two rappers pictured here?,How many full months passed between the births of rappers Jay-Z and Ye?,90 months (Jay-Z born 1969; Ye born 1977),
How many days passed between the births of the two famous scientists pictured here?,How many days passed between the births of scientists Albert Einstein and Stephen Hawking?,"22,945 days (Albert Einstein 1879 and Stephen Hawking 1942)",
"Discounting ones not yet in operation, what do you get if you add together the number of stations on the Metro systems pictured here?","Discounting ones not yet in operation, what do you get if you add together the number of stations on Manchester's Metrolink and Rome's Metro system?",172 - Manchester's Metrolink has 99 and Rome's Metro system has 73,
"Sharing a first name, how many years after the top musician was born was the bottom musician born?","Sharing a first name, how many years after musician Miles Davis was born was musician Miles Kane born?",60 Miles Davis and Miles Kane,
"Including pre-film credits, how many minutes into this movie is the phrase ""wax on, wax off"" first spoken?","Including pre-film credits, how many minutes into 'The Karate Kid' is the phrase ""wax on, wax off"" first spoken?",55 minutes into 'The Karate Kid',
"In weeks, how old was this woman when she gave birth to her second son?","In weeks, how old was Princess Diana when she gave birth to Prince Harry?","1,211 weeks (Princess Diana was born July 1st 1961; Prince Harry was born August 15th 1984)",
How many years separated the birth of this English queen and the English actress who shares her name?,How many years separated the birth of Henry VIII's wife Jane Seymour and the English actress Jane Seymour who shares her name?,443 years (Henry VIII's wife Jane Seymour was born in 1508. The actress Jane Seymour was born in 1951),
"As the crow flies, to the nearest kilometre, how far apart are the cities in which these two companies were founded?","As the crow flies, to the nearest kilometre, how far apart are the cities in which Adidas and Prada were founded?","474 km (Adidas was founded in Herzogenaurach, Germany; Prada was founded in Milan, Italy)",
How many days passed between the births of the two Spaghetti Western actors pictured here?,How many days passed between the births of Spaghetti Western actors Lee Van Cleef and Clint Eastwood?,"1,968 days (Lee Van Cleef born 1925; Clint Eastwood born 1930)",
"In days, what is the age difference between these two infamous brothers?","In days, what is the age difference between brothers Andrew Tate and Tristan Tate?",592 days (Andrew Tate born December 1st 1986; Tristan Tate born July 15th 1988),
How many full months passed between the initial release of this animated series and the premiere of the first live-action movie in the same franchise?,How many full months passed between the initial release of 'The Transformers' animated TV series and the premiere of the first live-action 'Transformers' movie?,272 months ('The Transformers' TV series first aired September 17th 1984; 'Transformers' the movie premiered June 10th 2007),
How many more Premier League games did this footballer play for Manchester City than he did for Manchester United?,How many more Premier League games did Carlos Tevez play for Manchester City than he did for Manchester United?,50 (Carlos Tevez played 113 PL matches for City and 63 for United),
How many minutes into the movie 'Spider-Man: Homecoming' is this picture taken from?,,77 minutes,specific film moment/scene cannot be identified from answer text
"In the 2007 movie 'Transformers', how many minutes pass before this character appears on screen for the first time?",,61 minutes,character in 'Transformers' (2007) not named in answer text
"In days, what is the age difference between these two acting siblings?","In days, what is the age difference between siblings Jake Gyllenhaal and Maggie Gyllenhaal?","1,129 days (Jake Gyllenhaal born Dec 19th 1980, Maggie Gyllenhaal born Nov 16th 1977)",
How many seconds into 'The Lion King' remake is this picture taken from?,,232 seconds,specific film moment/scene cannot be identified from answer text
"In days, what is the age difference between these two actresses?","In days, what is the age difference between actresses Jenna Ortega and Christina Ricci?","8,263 days (Jenna Ortega born Sept 27th 2002; Christina Ricci born Feb 12th 1980)",
How many DAYS old was the footballer on the left when the footballer on the right made his professional debut?,How many DAYS old was Jude Bellingham when Harry Kane made his professional debut?,"2,757 days (Jude Bellingham was born June 29th 2003; Harry Kane played his first game on loan at Leyton Orient on January 15th 2011)",
How many full months separate the births of this British film director and the American actor he is named after?,How many full months separate the births of film director Steve McQueen and the American actor Steve McQueen he is named after?,474 months (Steve McQueen the actor was born March 24th 1930; Steve McQueen the director was born Oct 9th 1969),
How many days apart were these famous siblings born?,How many days apart were siblings Jaden Smith and Willow Smith born?,846 days (Jaden Smith born July 8th 1998; Willow Smith born Oct 31st 2000),
How many days after the Soviet space probe Venera 7 successfully landed on the surface of Venus was this single released?,How many days after the Soviet space probe Venera 7 successfully landed on the surface of Venus was Bananarama's single 'Venus' released?,"5,634 days (The probe landed on Venus on December 15th 1970; Banarama released 'Venus' on  May 19th 1986)",
"In the original 'Ghostbusters' movie, how many minutes pass before this guy appears on screen for the first time?",,87 minutes (1 hour and 27 minutes),character/actor in original 'Ghostbusters' not named in answer text
How many years separated the births of this English woman and the American actress that shares her name?,"How many years separated the births of Anne Hathaway, William Shakespeare's wife, and Anne Hathaway, the American actress who shares her name?",426 years (William Shakespeare's wife Anne Hathaway was born in 1556. The American actress Anne Hathaway was born in 1982),
How many more floors does the taller of these two buildings have in comparison to the smaller building?,How many more floors does the Empire State Building have in comparison to the Chrysler Building?,Empire State Building has 102 floors; the Chrysler Building has 77 floors,
"To the nearest kilometre, as the crow flies, how far apart are the home grounds of this footballer's current club and his previous club?","To the nearest kilometre, as the crow flies, how far apart are the home grounds of Erling Haaland's current club, Manchester City (Etihad Stadium), and his previous club, Borussia Dortmund (Signal Iduna Park)?","689 km (Erling Haaland's Manchester City play at the Etihad Stadium. His former club, Borussia Dortmund, play at Signal Iduna Park)",
How many days passed between the births of the two actors pictured here?,How many days passed between the births of 'Harry Potter' actors Tom Felton and Daniel Radcliffe?,670 days (Tom Felton 1987 and Daniel Radcliffe 1989 from 'Harry Potter'),
How many days passed between the births of the two musicians pictured here?,How many days passed between the births of musicians Ringo Starr and George Harrison?,963 days (Ringo Starr - 1940; George Harrison - 1943),
"Going by their original Xbox 360 and PlayStation 3 release dates, how many days were there between the launches of these two games?","Going by their original Xbox 360 and PlayStation 3 release dates, how many days were there between the launches of Grand Theft Auto IV and Grand Theft Auto V?","1,967 days (Grand Theft Auto IV - 2008, Grand Theft Auto V - 2013)",
"If you were watching 'Star Wars: A New Hope' on Disney+, how many minutes into the film would you see this image?",,91 minutes,specific film moment/scene cannot be identified from answer text
How many days separated the initial broadcast of this TV show and the premiere of the first movie based upon it?,How many days separated the initial broadcast of 'Downton Abbey' and the premiere of the first movie based upon it?,"3,270 days ('Downton Abbey' first aired September 26th 2010; the premiere of 'Downton Abbey' the film was September 9th 2019)",
How many seconds into the Indiana Jones movie 'Raiders of the Lost Ark' (as it appears on Disney+) is this picture taken from?,,475 seconds (7 minute 55 seconds),specific film moment/scene cannot be identified from answer text
How many months separated the births of this actor and the character he is playing?,"How many months separated the births of actor Cillian Murphy and the character he played, J. Robert Oppenheimer?",865 months (Cillian Murphy was born May 25th 1976; his character J. Robert Oppenheimer was born April 22nd 1904),
"In days, what is the age difference between these two tennis stars?","In days, what is the age difference between tennis stars Rafael Nadal and Novak Djokovic?",353 days (Rafael Nadal born June 3rd 1986; Novak Djokovic born May 22nd 1987),
"Pictured here is a drivable toy Lamborghini car by the brand HOMCOM. How many of these toy cars would you need to equal the weight of a full size 2020 Lamborghini Aventador, assuming both have no passengers, cargo or fuel?","A drivable toy Lamborghini car by the brand HOMCOM weighs 13kg. How many of these toy cars would you need to equal the weight of a full size 2020 Lamborghini Aventador, assuming both have no passengers, cargo or fuel?","118 toy Lamborghinis (the toy weighs 13kg and the car weighs 1,525kg)",
How many seconds into the original album version of this song is the title of the song sung for the first time?,,33 seconds,song not identified in answer text
How many months separated the release of this book and the premiere of the 2020s musical film based upon it?,How many months separated the release of the book 'Matilda' by Roald Dahl and the premiere of the 2020s musical film based upon it?,408 months ('Matilda' by Roald Dahl was first published Oct 1st 1988; the film premiered Oct 5th 2022),
"In days, what is the age difference between these footballers?","In days, what is the age difference between footballers Erling Haaland and Rasmus Hojlund?",928 days (Erling Haaland was born July 21st 2000; Rasmus Hojland was born February 4th 2003),
"In days, what is the age difference between these two acting brothers?","In days, what is the age difference between brothers Macaulay Culkin and Kieran Culkin?","765 days (Macaulay Culkin born Aug 26th 1980, Kieran Culkin born Sept 30th 1982)",
"In the 1999 Disney movie 'Tarzan', how many seconds pass before this character appears on screen for the first time?",,"1,922 seconds (32 minutes and 2 seconds)",character in 'Tarzan' (1999) not named in answer text
"In the list of the 50 most visited websites worldwide as published by Similarweb in June 2023, at what number was the site pictured here?",,49th,website pictured not named in answer text
"To the nearest kilometre, how far apart were these men born?","To the nearest kilometre, how far apart were Donald Trump and Elon Musk born?","12,812 km (Donald Trump was born in Queens, NYC. Elon Musk was born in Pretoria, South Africa)",
How many years passed between the release of the first film adaptation of this book and the release of the most recent?,,102 (1917 - 2019),book/film title not identified in answer text
How many days longer was this British king's reign than his predecessor's?,How many days longer was King George VI's reign than his brother and predecessor Edward VIII's?,"5,209 (George VI ruled from Dec 11th 1936 to Feb 6th 1952. His brother Edward VIII ruled from Jan 20th to 11 Dec 11th 1936)",
"When this picture was taken, how many days older was the guy on the left than the guy on the right?",How many days older was Frank Sinatra than Elvis Presley?,"6,967 days (Frank Sinatra born 12 Dec 1915, Elvis born 8 Jan 1935)",
"Pictured here, how many full months passed between the death of the person on the top and the birth of the person on the bottom?",How many full months passed between the death of Abraham Lincoln and the birth of John F. Kennedy?,625 months (Abraham Lincoln died in 1865 and John F. Kennedy was born in 1917),
How many months separate the births of this actor and the real-life person he is playing?,"How many months separate the births of actor Leonardo DiCaprio and the real-life person he played, Howard Hughes?",826 months (Leonardo DiCaprio born Nov 11th 1974; Howard Hughes born Dec 24th 1905),
This picture was taken how many minutes into the 1989 Disney movie 'The Little Mermaid'?,,26 minutes,specific film moment/scene cannot be identified from answer text
"In the album version of this song, how many seconds pass before the name ""Heathcliff"" is sung for the first time?",,46 seconds,song not identified in answer text
"In days, what is the age difference between these two YouTuber brothers?","In days, what is the age difference between YouTuber brothers Logan Paul and Jake Paul?",657 (Logan Paul born April 1st 1995; Jake Paul born January 17th 1997),
"Pictured here, how many days passed between the births of these two actors?",How many days passed between the births of actors Al Pacino and Robert De Niro?,1209 days (Al Pacino 1940 and Robert De Niro 1943),
"On June 4th 1987, this legendary track and field athlete failed to win a race for the first time in how many days?","On June 4th 1987, hurdler Ed Moses failed to win a race for the first time in how many days, ending his winning streak of 122 consecutive races?","3569 days (Hurdler Ed Moses won 122 races in a row over a period of nine years, nine months and nine days)",
How many full months passed between the births of the two actors pictured here?,How many full months passed between the births of actors Morgan Freeman and Brad Pitt?,319 months (Morgan Freeman born 1937; Brad Pitt born 1963),
"Including pre-film credits, how many seconds pass before these characters meet each other for the first time in the movie 'Shrek'?",,420 seconds (7 minutes),which characters meet is not identified in answer text
"In the song pictured here, there is a repeated line in the chorus that goes ""nana-nana-nana-nana-na-na"". How many na's are there in total in the album version of the song?",,125,song not identified in answer text
How many full months passed between the deaths of these two musicians?,How many full months passed between the deaths of John Lennon and George Harrison of The Beatles?,251 months (John Lennon and George Harrison of The Beatles),
"In 'Toy Story 2', how many seconds pass before this character appears on screen for the first time?",,"1,285 seconds (21 minutes and 25 seconds)",character in 'Toy Story 2' not named in answer text
"In days, how old was this footballer when this picture was taken?","In days, how old was footballer Lamine Yamal when he won the 2026 FIFA World Cup with Spain?","6,946 days (Lamine Yamal was 19 years and 6 days old when he won the 2026 FIFA World Cup with spain)",
How many full weeks separated the births of these actresses?,How many full weeks separated the births of actresses Carrie Fisher and Daisy Ridley?,"1,850 weeks (Carrie Fisher was born October 21st 1956; Daisy Ridley was born April 10th 1992)",
How many seconds into the first episode of 'Futurama' is this picture taken from?,,121,specific film moment/scene cannot be identified from answer text
How many full months separated the release of these singles?,How many full months separated the release of the singles 'Hello' by Lionel Richie and 'Hello' by Adele?,380 months ('Hello' by Lionel Richie was released February 13th 1984; 'Hello' by Adele was released October 23rd 2015),
"If you include the opening credits, how many seconds into this movie does the title character take a bite of marmalade sandwich for the first time?",,303 seconds (5 minutes and 3 seconds),movie title not named in answer text
"Multiply the number of maltesers pictured here by the number of unique letters in the word ""malteser"".",,287 (41 x 7),number of Maltesers pictured cannot be determined from answer text
How many full weeks were there between these two photographs being taken?,How many full weeks were there between the Wright Flyer's first flight and the Apollo 11 launch?,"3,421 weeks (Between the Wright Flyer's first flight on December 17th 1903 and the Apollo 11 launch on July 16th 1969)",
How many days longer did the person on the top of this picture live than the person on the bottom?,How many days longer did Queen Victoria live than Queen Elizabeth II?,"5,376 days (Queen Victoria died aged 81; Queen Elizabeth II died aged 96)",
"In days, what is the age difference between these two football legends.","In days, what is the age difference between football legends Cristiano Ronaldo and Lionel Messi?",869 (Cristiano Ronaldo born February 5th 1985; Lionel Messi born June 24th 1987),
"In days, what is the age difference between these two football-playing brothers?","In days, what is the age difference between brothers Jude Bellingham and Jobe Bellingham?",817 days (Jude Bellingham born June 29th 2003; Jobe Bellingham born Sept 23rd 2005),
How many days passed between the North American release dates of the two video games pictured here?,How many days passed between the North American release dates of Red Dead Redemption and Red Dead Redemption 2?,"3,083 (Red Dead Redemption - 2010, RDR2 - 2018)",
How many days separated the premiere of this Guy Ritchie movie and the release of its TV spin-off series on Netflix?,How many days separated the premiere of Guy Ritchie's movie 'The Gentlemen' and the release of its TV spin-off series on Netflix?,"1,556 days ('The Gentlemen' premiered on December 3rd 2019; the Netflix series first aired March 7th 2024)",
"In days, what is the age difference between these Coles?","In days, what is the age difference between footballers Ashley Cole and Cole Palmer?","7,807 days (Ashley Cole was born December 20th 1980; Cole Palmer was born May 6th 2002)",
"In the original album version of this song, how many seconds pass before the song title is sung for the first time?",,142 seconds,song not identified in answer text
How many minutes into the movie 'Mission: Impossible' is this picture taken from?,,63 minutes,specific film moment/scene cannot be identified from answer text
How many days passed between the deaths of the two hip-hop icons pictured here?,How many days passed between the deaths of hip-hop icons Tupac Shakur and The Notorious B.I.G.?,"177 days (Tupac died in 1996, Biggie died in 1997)",
How many weeks separated the release of these similarly titled singles?,"How many weeks separated the release of the singles both titled 'Breathe', by The Prodigy and by Blu Cantrell?",314 weeks ('Breathe' by The Prodigy was released November 11th 1996; 'Breathe' by Blu Cantrell was released November 18th 2002),
"Forgetting about seasons, if you were to count each episode of 'Friends' from 1 to 236, in what number episode did this actor appear for the first time?","Forgetting about seasons, if you were to count each episode of 'Friends' from 1 to 236, in what number episode did Bruce Willis (playing Paul Stevens) appear for the first time?",142 (Bruce Willis playing Paul Stevens),
"To the nearest minute, what is the total aggregate running time of these two movies?","To the nearest minute, what is the total aggregate running time of 'Finding Nemo' and 'Finding Dory'?","197 minutes ('Finding Nemo' is 100 minutes long, 'Finding Dory' is 97 minutes)",
"In the 2007 movie 'Transformers', how many minutes pass before this car transforms for the first time?",,53 minutes,car in 'Transformers' (2007) not named in answer text
"In centimetres, what is the height difference between the two actors who originally played these characters?","In centimetres, what is the height difference between Anthony Daniels (who played C-3PO) and Kenny Baker (who played R2-D2)?",63cm (Anthony Daniels [C-3PO] 1.75 metres; Kenny Baker [R2-D2] 1.12 m),
This song was first released how many months after the person it was originally about passed away?,"'Candle in the Wind' was first released how many months after Marilyn Monroe, who it was originally about, passed away?",138 months (Marilyn Monroe died August 4th 1962; 'Candle in the Wind' was released February 22nd 1974),
"In centimetres, what is the height difference between these former team-mates?","In centimetres, what is the height difference between former team-mates Zlatan Ibrahimovic and Lionel Messi?",25 centimetres (Zlatan Ibrahimović is 1.95 metres; Lionel Messi is 1.70 m),
"As the crow flies, to the nearest kilometre, how far apart are these famous arches?","As the crow flies, to the nearest kilometre, how far apart are the Arc de Triomphe in Paris and the Washington Square Arch in New York?","5,831 km (Between the Arc de Triomphe in Paris and the Washington Square Arch in New York)",
How many months after the initial broadcast of this TV show was the first live-action feature-length movie adaptation released in cinemas?,How many months after the initial broadcast of 'The Flintstones' TV show was the first live-action feature-length movie adaptation released in cinemas?,404 months ('The Flintstones' first aired September 30th 1960; the movie 'The Flintstones' was released May 27th 1994),
How many days passed between the births of the two classical composers pictured here?,How many days passed between the births of composers Mozart and Beethoven?,"5,438 days (Mozart - 1756, Beethoven - 1770)",
How many days apart were these actors born?,How many days apart were actors Drake Bell and Josh Peck born?,136 days (Drake Bell born June 27th 1986; Josh Peck born Nov 10th 1986),
This movie premiered how many weeks after the first publication of the comic strip it is based upon?,The movie 'The Addams Family' premiered how many weeks after the first publication of the comic strip it is based upon?,"2,780 weeks (The first 'Addams Family' cartoon appeared in the New Yorker on August 6th 1938; the movie 'The Addams Family' premiered November 19th 1991)",
"In the original version of this song, how many seconds pass before the title is sung for the first time?",,77 seconds,song not identified in answer text
How many years prior to the premiere of this movie was the novel it was based on published?,How many years prior to the premiere of 'The Lord of the Rings: The Fellowship of the Ring' was the novel it was based on published?,47 years ('The Lord of the Rings: The Fellowship of the Ring' was published in 1954; the film premiered in 2001),
How many days passed between the releases of the two Apple products pictured here?,How many days passed between the releases of the Apple G3 and the Apple M1?,"8,315 days (G3 - 1998, M1 - 2021)",
"In weeks, what was the age difference between these lead actors when their respective movies (pictured here) premiered?","In weeks, what was the age difference between Gene Wilder, when 'Willy Wonka & the Chocolate Factory' was released, and Johnny Depp, when 'Charlie and the Chocolate Factory' premiered?",211 weeks (Gene Wilder was 38 when 'Willy Wonka & the Chocolate Factory' was released; Johnny Depp was 42 when 'Charlie and the Chocolate Factory' premiered),
"In days, what is the age difference between these celebrities' eldest and youngest children?",,"2,154 days (North West was born June 15th 2013; Psalm West was born May 9th 2019)","whose eldest/youngest children are referenced is inferred, not explicitly stated in answer text"
"In days, what was the age difference between the oldest and youngest members of this group?",,"1,263 days (Geri Haliwell born Aug 6th 1972; Emma Bunton born Jan 21st 1976)",which group is referenced not explicitly stated in answer text
How many weeks separated the release of these two phones?,How many weeks separated the release of the Nokia 3310 and the iPhone X?,896 weeks (Nokia 3310 released September 1st 2000; iPhone X released November 3rd 2017),
How many days passed between the births of this guy's eldest child and youngest child?,,"4,511 days (Brooklyn Beckham was born March 4th 1999, Harper was born July 10th 2011)","whose children are referenced is inferred, not explicitly named, in answer text"
How many days separated the original release of these two sugar-free drinks?,How many days separated the original release of Diet Pepsi and Diet Coke?,"6,433 days (Diet Pepsi was released December 28th 1964; Diet Coke was released in August 9th 1982)",
How many years separated the death of the historical figure being played here by Matt Damon and the release of the movie he appears in?,"How many years separated the death of Sir Jean de Carrouges IV, the historical figure played by Matt Damon, and the release of the movie he appears in, 'The Last Duel'?",625 years (Sir Jean de Carrouges IV died in 1396; 'The Last Duel' was released in 2021),
"If they were still alive today, added together, what would be the combined age of these three authors?","If they were still alive today, added together, what would be the combined age of authors Charles Dickens, William Shakespeare and Roald Dahl?",782 = Charles Dickens 213 + William Shakespeare 461 + Roald Dahl 108,
How many days were there between the US releases of the film pictured here and the fourth film in the same franchise?,"How many days were there between the US releases of 'Jaws' and the fourth film in the same franchise, 'Jaws: The Revenge'?","4,410 days (Jaws was released on June 20th 1975; Jaws: The Revenge was released on July 17th 1987)",
"From 1953 to 2009, how many people died attempting to climb this mountain?","From 1953 to 2009, how many people died attempting to climb Mount Everest?",216 (Mount Everest),
"Going by the date each film was released, how many days passed between the film debuts of the two actors pictured here?","Going by the date each film was released, how many days passed between the film debuts of actors John Travolta and Samuel L. Jackson?",981 days (John Travolta 1975 and Samuel L. Jackson 1972),
How many days apart were these two celebrities born?,How many days apart were celebrities Cynthia Erivo and Ariana Grande born?,"2,361 days (Cynthia Erivo was born January 8th 1987; Ariana Grande was born June 26th 1993)",
"To the nearest metre, how much shorter is this tower than the original tower it is a replica of?","To the nearest metre, how much shorter is the Las Vegas Eiffel Tower than the original Eiffel Tower it is a replica of?",165.4 metres (Las Vegas Eiffel Tower is 164.6 metres; the original Eiffel Tower is 330 metres),
How many weeks prior to this movie's premiere was the book it was based on published?,"How many weeks prior to the movie 'Fight Club''s premiere was the book it was based on, by Chuck Palahniuk, published?",160 weeks ('Fight Club' by Chuck Palahniuk was published August 17th 1996; the film premiered on September 10th 1999),
"In the song pictured here, how many seconds pass before the word ""lights"" is sung for the first time?",,65 seconds,song not identified in answer text
How many minutes into the movie 'Oppenheimer' is this picture taken from?,,67 minutes,specific film moment/scene cannot be identified from answer text
How many minutes into the film 'The Sound of Music' is this picture taken from?,,57 minutes,specific film moment/scene cannot be identified from answer text
"In days, what is the age difference between these actors?","In days, what is the age difference between actors Matt Damon and Ben Affleck?",677 days (Matt Damon was born October 8th 1970; Ben Affleck was born August 15th 1972),
How many of the original size cans of Prime Energy drink from KSI and Logan Paul could you fit in this septic tank?,"How many of the original size cans of Prime Energy drink from KSI and Logan Paul (355ml) could you fit in a Clearwater 2,800-litre septic tank?","7,887 (A can of Prime Energy is 355 millilitres; pictured is a Clearwater 2,800-litre septic tank)",
"Including pre-film credits, how many seconds into this movie does the singer of the theme song appear for the first time?",,553 seconds (Dolly Parton first appears on 9 minutes and 13 seconds),movie title not named in answer text
"In days, what is the age difference between these two actors?","In days, what is the age difference between actors Rupert Grint and Emma Watson?",599 days (Rupert Grint born Aug 24th 1988; Emma Watson born April 15th 1990),
How many days passed between the births of the two rappers pictured here?,How many days passed between the births of rappers Tupac Shakur and Snoop Dogg?,126 days (Tupac Shakur born June 1971; Snoop Dogg born October 1971),
How many days passed between the founding of the two fast food franchises pictured here?,How many days passed between the founding of fast food franchises McDonald's and Subway?,"9,175 days (McDonald's was founded in 1940, Subway in 1965)",
How many months were there between this company opening its first store and its male co-founder passing away?,How many months were there between Gap opening its first store and its male co-founder Donald Fisher passing away?,"481 months (First Gap store opened in August 1969 in San Francisco; Donald Fisher, who co-founded Gap with his wife Doris, died in Sept 2009)",
"How many months before this guy was born, was the Henry Fielding book that he shares his name with published for the first time?","How many months before Tom Jones was born, was the Henry Fielding book 'The History of Tom Jones, a Foundling', which he shares his name with, published for the first time?","2,295 months (Tom Jones was born June 7th 1940; 'The History of Tom Jones, a Foundling' was published February 28th 1749)",
How many days apart were these two singers born?,How many days apart were singers Paul Simon and Art Garfunkel born?,23 days (Paul Simon born Oct 13th 1941; Art Garfunkel born Nov 5th 1941),
How many full months passed between the US release dates of the two films pictured here?,How many full months passed between the US release dates of 'Cars' and 'Cars 3'?,"132 months ('Cars' 2006, 'Cars 3' 2017)",
The movie pictured here premiered how many weeks after the first episode of the TV show it is based on?,The movie 'The A-Team' premiered how many weeks after the first episode of the TV show it is based on?,"1,427 weeks (The TV show 'The A-Team' first aired Jan 23rd 1983; the movie adaptation premiered June 3rd 2010)",
"In days, what is the age difference between this celebrity couple?","In days, what is the age difference between celebrity couple Rihanna and A$AP Rocky?",226 days (Rihanna was born February 20th 1988; A$AP Rocky born October 3rd 1988),
"In days, what is the age difference between these high-fiving footballers?","In days, what is the age difference between footballers Jude Bellingham and Toni Kroos?","4,924 days (Jude Bellingham born June 29th 2003; Toni Kroos born January 4th 1990)",
"On the American Film Institute's 2002 list of the Top 100 greatest love stories in American cinema, how many places separate these two movies?","On the American Film Institute's 2002 list of the Top 100 greatest love stories in American cinema, how many places separate 'Big' (42nd) and 'Fargo' (93rd)?",51 (Big is at 42; Fargo at 93),
"In kilometres per hour, what is the difference between the top speeds of these two cars?","In kilometres per hour, what is the difference between the top speeds of the Porsche 918 Spyder and the Citroen 2CV (1962 model)?",260 kilometres per hour (Porsche 918 Spyder 345 km/h; Citroen 2CV [1962 model] 85 km/h]),
How many full months passed between the births of the two '60s icons pictured here?,How many full months passed between the births of '60s icons Andy Warhol and Mick Jagger?,"179 months (Andy Warhol b. 1928, Mick Jagger b. 1943)",
How many days apart were these guys first hired as head coach of the Spanish national football team?,How many days apart were Vicente del Bosque and Luis de la Fuente first hired as head coach of the Spanish national football team?,"5,259 days (Vicente del Bosque July 15th 2008; Luis de la Fuente December 8th 2022)",
How many weeks after this movie came out did the live-action spin-off TV series based on it first air on Netflix?,"How many weeks after 'The Karate Kid' came out did its live-action spin-off TV series, 'Cobra Kai', first air on Netflix?","1,888 weeks ('The Karate Kid' was released June 22nd 1984; 'Cobra Kai' first aired on Netflix on August 28th 2020)",
How many weeks separated the release of these similarly titled songs?,How many weeks separated the release of the similarly titled songs 'Rockstar' by Nickelback and 'Rockstar' by Post Malone?,578 weeks ('Rockstar' by Nickelback was released August 14th 2006; 'Rockstar' by Post Malone was released September 15th 2017),
How many weeks after this book was first published was its first film adaptation released in the USA?,"How many weeks after the Roald Dahl novel 'Matilda' was first published was its first film adaptation, directed by Danny DeVito, released in the USA?",409 weeks (The Roald Dahl novel 'Matilda' was published October 1st 1988; the Danny DeVito-directed film 'Matilda' was released August 2nd 1996),
"In the album version of this song, how many seconds pass before the title is sung for the first time?",,28 seconds,song not identified in answer text
How many days passed between the births of the two Marvel actors pictured here?,How many days passed between the births of Marvel actors Robert Downey Jr and Chris Evans?,"5,914 (Robert Downey Jr born 1965; Chris Evans born 1981)",
"Upon its release, how many days did it take this song to reach one billion streams on Spotify?","Upon its release, how many days did it take Drake's 'One Dance' to reach one billion streams on Spotify?",255 Drake's 'One Dance' was the first to reach the landmark; released on April 5th 2016; hit one billion streams on December 16th 2016,
"As the crow flies, to the nearest mile, how far apart were these celebrities born?","As the crow flies, to the nearest mile, how far apart were celebrities Tom Holland and Zendaya born?","5,348 miles (Tom Holland born in Kingston Upon Thames, England; Zendaya born in Oakland, California)",
How many seconds into the album version of this song is the title sung for the first time?,,78 seconds,song not identified in answer text
How many full months passed between the births of the two 'Gilmore Girls' actresses pictured here?,How many full months passed between the births of 'Gilmore Girls' actresses Lauren Graham and Alexis Bledel?,"174 months (Lauren Graham born 1967, Alexis Bledel born 1981)",
"As the crow flies, to the nearest mile, how far apart are the headquarters of these beer brands?",,"4,842 miles (Between Budejovice in Czechia and St Louis in Missouri)","which beer brands are referenced is inferred from the city names, not explicitly stated in answer text"
"Including pre-film credits, how many seconds into 'Wallace & Gromit: Vengeance Most Fowl' is this picture taken from?",,430 seconds (7 minutes and 10 seconds),specific film moment/scene cannot be identified from answer text
How many days separated this footballer's first Premier League goal and last Premier League goal?,How many days separated Wayne Rooney's first Premier League goal (for Everton) and his last Premier League goal (for Everton)?,"5,539 days (Wayne Rooney's first goal was for Everton on October 19th 2002; his last was for Everton on December 18th 2017)",
How many seconds pass in the Pixar movie 'Cars' before this character appears on screen for the first time?,,"1,696 seconds (28 minutes and 16 seconds)",character in 'Cars' not named in answer text
How many weeks separated the deaths of these musicians?,How many weeks separated the deaths of musicians John Lennon and George Harrison?,"1,094 weeks (John Lennon died December 8th 1980; George Harrison died November 29th 2001)",
"How many days were there between the birth of the Iggy at the top of this image, and the date that the other Iggy was inducted into the Rock & Roll Hall of Fame with his band?",How many days were there between the birth of Iggy Azalea and the date that Iggy Pop was inducted into the Rock & Roll Hall of Fame with his band?,"7,221 (Iggy Azalea born June 7th 1990; Iggy Pop inducted March 15th 2010)",
"According to statistics from britannica.com, in square miles, what is the size difference between the two national parks featured in the title of this TV show?",,"2,283 square miles (Yellowstone 3,472 square miles; Yosemite 1,189 square miles)",TV show title not explicitly stated in answer text
"Located in US state of Kansas, pictured here is a disused railway water tank. How many 250ml cans of Red Bull would you need to fill it to its capacity?","Located in the US state of Kansas, a disused railway water tank has a capacity of 50,000 gallons. How many 250ml cans of Red Bull would you need to fill it to its capacity?","757,083 cans (the water tank's capacity is 189,270,589.2ml or 50,000 gallons)",
How many years separated the death of the legendary outlaw depicted here and the movie that he is appearing in?,"How many years separated the death of outlaw Billy the Kid and the release of the movie he appears in, 'Bill & Ted's Excellent Adventure'?",108 years (Billy the Kid died in 1881; 'Bill & Ted's Excellent Adventure' was released in 1989),
How many days passed between the founding of the two e-commerce companies pictured here?,How many days passed between the founding of e-commerce companies Amazon (as Cadabra) and eBay (as AuctionWeb)?,"425 days (Amazon/Cadabra was founded in 1994, Ebay/AuctionWeb in 1995)",
"How many times is the word ""every"" sung in the album version of this song?",,54,song not identified in answer text
"In days, what is the age difference between these co-stars?","In days, what is the age difference between co-stars Ryan Gosling and Margot Robbie?","3,519 days (Ryan Gosling born Nov 12th 1980; Margot Robbie born July 2nd 1990)",
"To the nearest minute, what do you get if you add up the world records for fastest completion times of these three games?",,89 minutes and 13 seconds (Brazilian gamer Kojiroctr finished Crash Bandicoot in 40 mins 55 secs; US gamer GreenDeathFlavor completed Super Mario World in 9 mins 47 secs; Canadian gamer ChrisLBC compl,third game's world record holder and game title truncated/unconfirmed in answer text
For how many months had the lead actor of this movie lived in the USA at the time of the movie's premiere?,"For how many months had Arnold Schwarzenegger, lead actor of 'The Terminator', lived in the USA at the time of the movie's premiere?",192 months (Arnold Schwarzenegger moved to the USA in October 1968; 'The Terminator' premiered in October 1984),
"As the crow flies, to the nearest kilometre, how far apart are the cities in which these beer brands were founded?","As the crow flies, to the nearest kilometre, how far apart are the cities in which Guinness (Dublin) and Heineken (Amsterdam) were founded?",756 km (Between Dublin [home of Guinness] and Amsterdam [home of Heineken]),
The novel that this character first appears in was published how many MONTHS before the birth of the actor playing him?,"The novel 'The Hobbit', in which Bilbo Baggins first appears, was published how many months before the birth of Martin Freeman, the actor playing him?",408 months (Bilbo Baggins appeared in 'The Hobbit' that was published in September 1937; Martin Freeman was born in September 1971),
"To the nearest mile, as the crow flies, how far is it from the birthplace of this rapper to the first place he raps about in this hit single?",,"1,022 miles (From Wynnefield, West Philadelphia, to South Beach, Miami)",rapper and specific song not fully named in answer text
How many full months passed between the births of the two people pictured here?,How many full months passed between the births of Joe Biden and Barack Obama?,224 months (Joe Biden born 1942; Barack Obama born 1961),
How many days after this movie was released in Japan was the original American western remake released in the USA?,"How many days after 'Seven Samurai' was released in Japan was its American western remake, 'The Magnificent Seven', released in the USA?","1,630 days ('Seven Samurai' was released April 26th 1956; 'The Magnificent Seven' was released October 12th 1960)",
"Taking the date the guy on the right finished in the job and the date the guy on the left started, how many weeks separated these men's tenures as Governor of California?","Taking the date Arnold Schwarzenegger finished as Governor of California and the date Ronald Reagan started, how many weeks separated their tenures as Governor of California?","1,506 (Ronald Reagan was governor Jan 2nd 1967 to Jan 6th 1975; Arnold Schwarzenegger Nov 17th 2003 to Jan 3rd 2011)",
How many days passed between the US release dates of the two films pictured here?,How many days passed between the US release dates of 'Toy Story' and 'Toy Story 4'?,"8,615 days ('Toy Story' was released in 1995; 'Toy Story 4' in 2019)",
These celebrities share a name but they do not share a birthday. How many days separated their births?,The singer Michelle Williams and the actress Michelle Williams share a name but not a birthday. How many days separated their births?,414 days (The singer Michelle Williams was born July 23rd 1979; the actress Michelle Williams was born September 9th 1980),
In what year did this guy's parents get married?,In what year did Galileo Galilei's parents get married?,"1562 Pictured is Galileo Galilei, who was born in 1564",
How many days passed between the releases of the first episodes of the TV shows pictured here?,How many days passed between the releases of the first episodes of 'Breaking Bad' and 'Better Call Saul'?,"2,576 days ('Breaking Bad' premiered in 2008, and 'Better Call Saul' premiered in 2015)",
How many years separated the births of the historical figures being portrayed here in 'Bill & Ted's Excellent Adventure'?,"How many years separated the births of Socrates and Billy the Kid, the historical figures being portrayed in 'Bill & Ted's Excellent Adventure'?","2,328 years (Socrates was born 470 BC; Billy the Kid was born 1859)",
"With the answer taken from the progress bar while watching on Amazon Prime, how many seconds into the film 'Once Upon a Time... In Hollywood' does this frame appear?",,"6,940 seconds (1.55:40)",specific film moment/scene cannot be identified from answer text
"To the nearest month, what is the age difference between this guy's first wife and current wife?","To the nearest month, what is the age difference between Donald Trump's first wife, Ivana Trump, and his current wife, Melania Trump?",254 months (Ivana Trump born Feb 20th 1949; Melania Trump born April 26th 1970),
How many weeks separated the untimely deaths of this famous father and son?,How many weeks separated the untimely deaths of father and son Bruce Lee and Brandon Lee?,"1,027 weeks (Bruce Lee died July 20th 1973; Brandon Lee died March 31st 1993)",
"In days, what is the age difference between these rappers?","In days, what is the age difference between rappers Kendrick Lamar and Drake?",236 days (Kendrick Lamar was born June 17th 1987; Drake was born October 24th 1986),
"According to freemaptools.com, as the crow flies, to the nearest kilometre, how far is this tower from the original tower it is based upon?","According to freemaptools.com, as the crow flies, to the nearest kilometre, how far is the Las Vegas Eiffel Tower from the original Eiffel Tower in Paris that it is based upon?",8733.59 km (between the Las Vegas Eiffel Tower and the real Eiffel Tower in Paris),
"Including pre-film credits, how many minutes into this 1967 movie does the lead character say the iconic line ""they call me Mr Tibbs""?",,36 minutes (said by the actor Sidney Poitier),1967 movie title not named in answer text
"As the crow flies, to the nearest kilometre, how far apart are the hometowns of these actors?",,"3,864km (Rob McElhenney born in Philadelphia; Ryan Reynolds born in Vancouver)",these actors not identified in answer text
"In terms of weight, what percentage of this branded cheesy treat is the cheese, as opposed to its waxy exterior casing?",,85%,branded cheesy treat not named in answer text
How many months separated the introduction of these two companies' first vehicles?,,198 months (The Ferrari 125 S was released May 1947; the Lamborghini 350 GTv was released November 1963),these two companies not identified in answer text
"Including the opening credits, how many seconds pass in this movie before we see one of the main characters wake up hungover?",,"1,379 seconds (22 minutes and 59 seconds)",which movie and character are referenced not identified in answer text
This screenshot was taken how many minutes into the movie 'Mary Poppins'?,,104 minutes,specific film moment/scene cannot be identified from answer text
"Informally known as the 'Jenga Building', pictured here is 56 Leonard Street in New York alongside an actual Jenga set. If stacked as shown in the image, how many Jenga SETS like this one would you need to place on top of each other in order to achieve the height of 56 Leonard Street's roof?",,926 Jenga sets,specific stacking arrangement shown in image cannot be described from answer text
"To the nearest kilometre, as the crow flies, how far apart are the home grounds of this footballer's current club, and his previous club?","To the nearest kilometre, as the crow flies, how far apart are the home grounds of Kylian Mbappe's current club, Real Madrid (Bernabeu), and his previous club, PSG (Parc des Princes)?","1,044 km (Kylian Mbappé's current club, Real Madrid, play at the Bernabéu. His former club, PSG, play at Parc des Princes)",
How many days passed between the US release dates of the two products pictured here?,How many days passed between the US release dates of the PS1 and the PS2?,"1,874 days (the PS1 was released in 1995, the PS2 was released in 2000)",
How many seconds into the 'Baby Shark Dance' YouTube video is this picture from?,,52 seconds,specific video moment/frame cannot be identified from answer text
"Pictured here, what is the age difference in days between the actors who voice these two 'Simpsons' characters?","What is the age difference in days between Dan Castellaneta and Hank Azaria, the actors who voice two 'Simpsons' characters?","2,370 days (Dan Castellaneta born 1957; Hank Azaria born 1964)",
"According to transfermarkt.co.uk, what do you get if you add up the total number of competitive senior appearances that these footballers made for Paris Saint-Germain?","According to transfermarkt.co.uk, what do you get if you add up the total number of competitive senior appearances that Thiago Silva, Angel Di Maria, Neymar and Kylian Mbappe made for Paris Saint-Germain?","1,091 (Thiago Silva 315, Ángel Di María 295, Neymar 173, Kylian Mbappé 308)",
These two guys share the same name. But how many years after the guy at the top died was the guy at the bottom born?,Jack Johnson the boxer and Jack Johnson the singer share the same name. How many years after Jack Johnson the boxer died was Jack Johnson the singer born?,29 years (Jack Johnson the boxer died in 1946; Jack Johnson the singer was born in 1975),
How many months separated the births of the two actresses who starred as or voiced the title character in these movies?,"How many months separated the births of the two actresses who starred as or voiced Alice, the title character of 'Alice in Wonderland': Kathryn Beaumont (1951 film) and Mia Wasikowska (2010 film)?",628 months (Kathryn Beaumont who voiced Alice in the 1951 movie 'Alice in Wonderland' was born in 1937; Mia Wasikowska who played Alice in the 2010 film was born in 1989),
How many days separated the release of the first two movies in this film series?,,"3,024 (Between April 7th 1995 and July 18th 2003)",film series not identified in answer text
How many days separated the deaths of these two football legends?,How many days separated the deaths of football legends Diego Maradona and Pele?,764 days (Diego Maradona died November 25th 2020; Pelé died December 29th 2022),
"Forgetting about seasons, if you were to count each episode of 'Friends' from 1 to 236, what number episode featured this cameo?","Forgetting about seasons, if you were to count each episode of 'Friends' from 1 to 236, what number episode featured Danny DeVito's cameo as Officer Roy Goodbody?",229 (Season 10 episode 11 with Danny DeVito playing Officer Roy Goodbody),
How many seconds into the 'Baby Shark Dance' YouTube video was this picture taken from?,,92 seconds (1 minute 32 seconds),specific video moment/frame cannot be identified from answer text
This actor was born how many months after the character he is playing in this picture?,"Joaquin Phoenix was born how many months after Johnny Cash, the character he played in 'Walk the Line'?",512 months (From the film 'Walk the Line'; Joaquin Phoenix born Oct 28th 1974; Johnny Cash born Feb 26th 1932),
For how many days were these two celebrities legally married?,For how many days were Guy Ritchie and Madonna legally married?,"2,892 days (Guy Ritchie and Madonna were married between December 22nd 2000 and November 22nd 2008)",
How many full months passed between the two events shown here?,How many full months passed between the moon landing and Neil Armstrong's death?,"517 months (moon landing - 1969, Neil Armstrong's death - 2012)",
"With the answer taken from the progress bar while watching on Disney+, how many seconds into the film 'The Lion King' does this frame appear?",,"4,999 seconds (1.23:19)",specific film moment/frame cannot be identified from answer text
