question_text,question_type,answer,option_a,option_b,option_c,option_d,option_e,option_f,game,variation,has_picture,source_folder,source_file,times_seen,last_seen_folder,topic,stale_risk,stale_reason
"As the crow flies, to the nearest kilometre, how far apart are the towns or cities where these football managers were born?",number,"356 km (Pep Guardiola was born in Santpedor, Catalonia; Mikel Arteta was born in San Sebastián, Basque Country)",,,,,,,Nearest Wins,,True,5 May 2026,Round 4 - Nearest Wins.sqn,1,5 May 2026,Sport,,
What southern European country takes its name from a Venetian word meaning 'Black Mountain'?,text_answer,Montenegro,,,,,,,Quizsentials,,False,5 May 2026,Round 1 - Keypad.sqq,1,5 May 2026,Geography,,
"With which '70s TV show would you associate the catchphrase: ""We can rebuild him. We have the technology""?",text_answer,The Six Million Dollar Man,,,,,,,Quizsentials,,False,5 May 2026,Round 1 - Keypad.sqq,1,5 May 2026,Film & TV,,
"Traditionally, pesto is made using garlic, basil, parmesan cheese, olive oil, and what kind of nut?",text_answer,Pine nut,,,,,,,Quizsentials,,False,5 May 2026,Round 1 - Keypad.sqq,1,5 May 2026,Food & Drink,,
Name the football star pictured here with his sister.,text_answer,Neymar,,,,,,,Quizsentials,,True,5 May 2026,Round 1 - Keypad.sqq,1,5 May 2026,Sport,,
What is there 46 of in the average human body?,text_answer,Chromosomes,,,,,,,Quizsentials,,False,5 May 2026,Round 1 - Keypad.sqq,1,5 May 2026,Science & Nature,,
"One of the first of its kind, what book was published by Samuel Johnson in 1755?",text_answer,Dictionary ('A Dictionary of the English Language'),,,,,,,Quizsentials,,False,5 May 2026,Round 1 - Keypad.sqq,1,5 May 2026,Literature & Language,,
What band released the albums 'Mirage' and 'Tango in the Night' in the 1980s?,text_answer,Fleetwood Mac,,,,,,,Quizsentials,,False,5 May 2026,Round 1 - Keypad.sqq,1,5 May 2026,Music,,
How many letters make up the word 'nuisance'?,number,8 nuisance,,,,,,,Quizsentials,,False,5 May 2026,Round 1 - Keypad.sqq,1,5 May 2026,Literature & Language,,
Who is this little guy?,text_answer,Elmo,,,,,,,Quizsentials,,True,5 May 2026,Round 1 - Keypad.sqq,1,5 May 2026,Film & TV,,
"From most recent to longest ago, put these tennis players in order of when they last won the Wimbledon men's singles title.",sequence,Roger Federer -> Andre Agassi -> Bjorn Borg -> Rod Laver -> Fred Perry,Roger Federer,Andre Agassi,Bjorn Borg,Rod Laver,Fred Perry,,Quizsentials,,False,5 May 2026,Round 1 - Keypad.sqq,2,12 Sep 2024,Sport,Yes,ranking of past Wimbledon winners may change
"In 'South Park', what is Butters' real name?",text_answer,Leopold Stotch,,,,,,,Quizsentials,,False,5 May 2026,Round 1 - Keypad.sqq,1,5 May 2026,Film & TV,,
The winners of tournaments at the World Series of Poker are awarded what item of jewellery?,multiple_choice,Bracelet,Ring,Bracelet,Necklace,Crown,,,Quizsentials,,False,5 May 2026,Round 1 - Keypad.sqq,1,5 May 2026,Sport,,
"Name this American live streamer, pictured here without any hair.",text_answer,Kai Cenat,,,,,,,Quizsentials,,True,5 May 2026,Round 1 - Keypad.sqq,1,5 May 2026,Current Affairs,Yes,"identifies current streamer, information may change"
"""And all the lights that lead us there are blinding"" is a lyric from which song?",text_answer,Wonderwall (Oasis),,,,,,,Quizsentials,,False,5 May 2026,Round 1 - Keypad.sqq,1,5 May 2026,Music,,
The liqueur Amaretto originated in what country?,text_answer,Italy,,,,,,,Quizsentials,,False,5 May 2026,Round 1 - Keypad.sqq,1,5 May 2026,Food & Drink,,
Which 1981 book begins with the line 'The summer my father bought the bear....'?,text_answer,The Hotel New Hampshire (by John Irving),,,,,,,Quizsentials,,False,5 May 2026,Round 1 - Keypad.sqq,1,5 May 2026,Literature & Language,,
Tap these things in alphabetical order.,sequence,Apple Watch -> iMac -> iPad -> iPhone -> Macbook Air -> Macbook Pro,Apple Watch,iMac,iPad,iPhone,Macbook Air,Macbook Pro,Quizsentials,,False,5 May 2026,Round 1 - Keypad.sqq,4,15 Nov 2024,General Knowledge,,
"From the statue, name the famous playwright.",text_answer,Oscar Wilde,,,,,,,Quizsentials,,True,5 May 2026,Round 1 - Keypad.sqq,1,5 May 2026,Art & Culture,,
Tap these words in order to make the title of a 2014 comedy horror film.,sequence,What -> We -> Do -> In -> The -> Shadows,What,We,Do,In,The,Shadows,Quizsentials,,False,5 May 2026,Round 1 - Keypad.sqq,1,5 May 2026,Film & TV,,
"If a Gen Z person says something ""slaps"", what do they mean?",multiple_choice,It's very good,It's awful,It smells very strongly,It's very good,It doesn't exist,,,Quizsentials,,False,5 May 2026,Round 1 - Keypad.sqq,1,5 May 2026,Literature & Language,,
What was the name of the last dynasty to rule Vietnam?,text_answer,Nguyen,,,,,,,Quizsentials,,False,5 May 2026,Round 3 - Keypad.sqq,1,5 May 2026,History,,
"In what year was the Bee Gees song 'Stayin' Alive' first released, the Bond film 'The Spy Who Loved Me' was in cinemas, and wrestler-turned-actor John Cena was born?",number,1977,,,,,,,Quizsentials,,False,5 May 2026,Round 3 - Keypad.sqq,1,5 May 2026,General Knowledge,,
"In 2025, MrBeast's YouTube channel became the first ever to gain how many subscribers?",multiple_choice,400 million,100 million,200 million,300 million,400 million,,,Quizsentials,,False,5 May 2026,Round 3 - Keypad.sqq,1,5 May 2026,Current Affairs,Yes,"references 2025 achievement, may become outdated"
Which former model is Elizabeth Jagger's famous mother?,text_answer,Jerry Hall,,,,,,,Quizsentials,,False,5 May 2026,Round 3 - Keypad.sqq,1,5 May 2026,General Knowledge,,
What Green Day album does this image feature on?,text_answer,American Idiot,,,,,,,Quizsentials,,True,5 May 2026,Round 3 - Keypad.sqq,1,5 May 2026,Music,,
In which US state is Daytona Beach located?,text_answer,Florida,,,,,,,Quizsentials,,False,5 May 2026,Round 3 - Keypad.sqq,1,5 May 2026,Geography,,
What colour shirt were England wearing when they won the World Cup in 1966?,multiple_choice,Red,White,Red and White,Red,,,,Quizsentials,,False,5 May 2026,Round 3 - Keypad.sqq,1,5 May 2026,Sport,,
How many months end with the letters 'ER'?,number,"4. September, October, November, December",,,,,,,Quizsentials,,False,5 May 2026,Round 3 - Keypad.sqq,1,5 May 2026,General Knowledge,,
Name the British scientist from this cartoon.,text_answer,Isaac Newton,,,,,,,Quizsentials,,True,5 May 2026,Round 3 - Keypad.sqq,1,5 May 2026,History,,
Which pop queen recently released the new single 'Bring Your Love' featuring Sabrina Carpenter?,text_answer,Madonna,,,,,,,Quizsentials,,False,5 May 2026,Round 3 - Keypad.sqq,1,5 May 2026,Music,Yes,"recently released, time-sensitive"
"Starting with the earliest, put these actresses in the order they first played or voiced the 'Addams Family' character Wednesday Addams.",sequence,Lisa Loring -> Christina Ricci -> Chloë Grace Moretz -> Jenna Ortega,Lisa Loring,Christina Ricci,Chloë Grace Moretz,Jenna Ortega,,,Quizsentials,,False,5 May 2026,Round 3 - Keypad.sqq,1,5 May 2026,Film & TV,,
There are only two living species of animals that are part of the 'monotreme' family. One is the platypus; what is the other?,multiple_choice,Echidna,Aardvark,Porcupine,Otter,Echidna,,,Quizsentials,,False,5 May 2026,Round 3 - Keypad.sqq,1,5 May 2026,Science & Nature,,
"Using its common abbreviation, what type of energy-efficient bulb is spelt the same way as the past tense of a verb meaning to guide or direct?",text_answer,LED (led),,,,,,,Quizsentials,,False,5 May 2026,Round 3 - Keypad.sqq,1,5 May 2026,General Knowledge,,
What is this musical instrument called?,text_answer,Bandura,,,,,,,Quizsentials,,True,5 May 2026,Round 3 - Keypad.sqq,1,5 May 2026,Music,,
Which modern sport officially changed its name to quadball in 2022?,multiple_choice,Quidditch,Rugby sevens,Padel,Parkour,Quidditch,,,Quizsentials,,False,5 May 2026,Round 3 - Keypad.sqq,1,5 May 2026,Sport,,
"In the 1939 film 'The Wizard of Oz', what was used to create the snow effects?",multiple_choice,Asbestos,Cotton,Feathers,Asbestos,Snow,,,Quizsentials,,False,5 May 2026,Round 3 - Keypad.sqq,1,5 May 2026,Film & TV,,
In which street does the British prime minister officially live?,text_answer,Downing Street,,,,,,,Quizsentials,,False,5 May 2026,Round 3 - Keypad.sqq,1,5 May 2026,Current Affairs,Yes,"current PM residence, changes with administration"
"From earliest to most recent, put these American authors in order of when they were born.",sequence,Walt Whitman -> Ernest Hemingway -> Jack Kerouac -> Stephen King,Walt Whitman,Ernest Hemingway,Jack Kerouac,Stephen King,,,Quizsentials,,False,5 May 2026,Round 3 - Keypad.sqq,1,5 May 2026,Literature & Language,,
"Pictured here is John Jacob Astor, one of the richest Americans in history. He originally made his fortune in which trade?",multiple_choice,Fur,Coffee,Oil,Gold,Fur,,,Quizsentials,,True,5 May 2026,Round 3 - Keypad.sqq,1,5 May 2026,History,,
"Which R&B artist released the 2020 hit 'Heartbreak Anniversary', and featured on the 2021 Justin Bieber single 'Peaches'?",text_answer,Giveon,,,,,,,Quizsentials,,False,5 May 2026,Round 3 - Keypad.sqq,1,5 May 2026,Music,,
Which Oscar-winning actor plays the title role in the 2024 horror movie 'Longlegs'?,multiple_choice,Nicolas Cage,Daniel Day Lewis,Anthony Hopkins,Joaquin Phoenix,Nicolas Cage,,,Quizsentials,,False,5 May 2026,Round 2 - Keypad.sqq,1,5 May 2026,Film & TV,,
In which US state would you find the Grand Canyon?,text_answer,Arizona,,,,,,,Quizsentials,,False,5 May 2026,Round 2 - Keypad.sqq,2,Free demo SpeedQuizzing Quizpacks,Geography,,
Which of these McDonald's treats has more calories?,multiple_choice,Double Quarter Pounder with Cheese,Big Mac,Double Quarter Pounder with Cheese,,,,,Quizsentials,,False,5 May 2026,Round 2 - Keypad.sqq,1,5 May 2026,Food & Drink,Yes,nutritional values change over time
Who is the notorious World Cup-winning footballer pictured here tightly marking Diego Maradona during their match in 1982?,text_answer,"Claudio Gentile, of Italy",,,,,,,Quizsentials,,True,5 May 2026,Round 2 - Keypad.sqq,1,5 May 2026,Sport,,
What is the collective name of the Sun and all the planets and other objects that orbit it?,text_answer,Solar system,,,,,,,Quizsentials,,False,5 May 2026,Round 2 - Keypad.sqq,1,5 May 2026,Science & Nature,,
"Originally containing Word, Excel and PowerPoint, Office is a family of software developed by what tech giant?",text_answer,Microsoft,,,,,,,Quizsentials,,False,5 May 2026,Round 2 - Keypad.sqq,1,5 May 2026,General Knowledge,,
"What actor played the mob boss Dante Reyes in the 'Fast & Furious' franchise, the half-Atlantian superhero Arthur Curry in the DC Extended Universe, and the barbarian king Khal Drogo in 'Game of Thrones'?",text_answer,Jason Momoa,,,,,,,Quizsentials,,False,5 May 2026,Round 2 - Keypad.sqq,1,5 May 2026,Film & TV,,
What is the name of tennis star Venus Williams' clothing line which debuted at New York fashion Week in 2012?,text_answer,EleVen,,,,,,,Quizsentials,,False,5 May 2026,Round 2 - Keypad.sqq,1,5 May 2026,Art & Culture,,
Name the musical act from the set list pictured here.,text_answer,Pet Shop Boys,,,,,,,Quizsentials,,True,5 May 2026,Round 2 - Keypad.sqq,1,5 May 2026,Music,,
"At the recent London Marathon, how many runners in total ran a quicker time than the previous world record of 2 hours and 35 seconds?",number,"3 Sabastian Sawe clocked 1hr 59mins 30sec, Yomif Kejelcha 1:59:41 and Jacob Kiplimo 2:00:28 (This is in regard to the record for a marathon run under race conditions)",,,,,,,Quizsentials,,False,5 May 2026,Round 2 - Keypad.sqq,1,5 May 2026,Sport,Yes,References recent London Marathon results
Put these words in the order in which they first appear in the lyrics to the song 'Down Under' by Men At Work.,sequence,Under -> Plunder -> Thunder -> Chunder,Under,Plunder,Thunder,Chunder,,,Quizsentials,,False,5 May 2026,Round 2 - Keypad.sqq,1,5 May 2026,Music,,
Which Greek word meaning 'departure' is also the name of a book of the Bible?,text_answer,Exodus,,,,,,,Quizsentials,,False,5 May 2026,Round 2 - Keypad.sqq,1,5 May 2026,Literature & Language,,
"Which of these people said: ""The biggest adventure you can take is to live the life of your dreams""?",multiple_choice,Oprah Winfrey,Oprah Winfrey,Walt Disney,Steven Spielberg,Martin Luther King Jr,,,Quizsentials,,False,5 May 2026,Round 2 - Keypad.sqq,1,5 May 2026,General Knowledge,,
Which of these countries is Somalia?,multiple_choice,D,A,B,C,D,,,Quizsentials,,True,5 May 2026,Round 2 - Keypad.sqq,1,5 May 2026,Geography,,
"What game comes from the Swahili word meaning ""to build""?",text_answer,Jenga,,,,,,,Quizsentials,,False,5 May 2026,Round 2 - Keypad.sqq,1,5 May 2026,General Knowledge,,
"In minutes, how long does it take the minute hand of a clock to move the same distance as the hour hand moves in 4 hours?",number,20,,,,,,,Quizsentials,,False,5 May 2026,Round 2 - Keypad.sqq,1,5 May 2026,General Knowledge,,
"With regard to the metal, what would happen if you put a small lump of gallium in the palm of your hand?",multiple_choice,It would melt,It would burn a hole in your hand,It would hover slightly,It would melt,It would tickle,It would attract bees,It would give you blood poisoning,Quizsentials,,False,5 May 2026,Round 2 - Keypad.sqq,1,5 May 2026,Science & Nature,,
"Starting with the largest, put these continents in order of their surface area.",sequence,Asia -> Africa -> North America -> South America -> Europe,Asia,Africa,North America,South America,Europe,,Quizsentials,,False,5 May 2026,Round 2 - Keypad.sqq,2,10 Mar 2024,Geography,,
Name the 'Stranger Things' actor pictured here.,text_answer,Finn Wolfhard,,,,,,,Quizsentials,,True,5 May 2026,Round 2 - Keypad.sqq,6,8 Oct 2023,Film & TV,,
What word for a disturbing or annoying loud noise is also a piece of equipment used for playing tennis?,text_answer,Racket,,,,,,,Quizsentials,,False,5 May 2026,Round 2 - Keypad.sqq,1,5 May 2026,General Knowledge,,
How many times is the title sung in the original version of this Beyoncé song?,number,25,,,,,,,Nearest Wins,,True,14 Apr 2026,Round 4 - Nearest Wins.sqn,1,14 Apr 2026,Music,Yes,Asks about specific song title count
"Sometimes using ""getaway power"" (which involved extending their legs through the bottom of their car and running), in what vintage TV show did a group of dwarf gangsters race in a vehicle called the Bulletproof Bomb?",text_answer,Wacky Races (the Ant Hill Mob),,,,,,,Quizsentials,,False,14 Apr 2026,Round 1 - Keypad.sqq,1,14 Apr 2026,Film & TV,,
"In Great Britain during the Second World War, which food was exempt from rationing because of its positive effect on morale?",multiple_choice,Fish & Chips,Sugar,Spam,Fish & Chips,Chicken Tikka Masala,,,Quizsentials,,False,14 Apr 2026,Round 1 - Keypad.sqq,1,14 Apr 2026,History,,
The ice-skating position pictured here is named after what animal?,multiple_choice,Camel,Horse,Cat,Swan,Camel,,,Quizsentials,,True,14 Apr 2026,Round 1 - Keypad.sqq,1,14 Apr 2026,Sport,,
What 'E' is the art of belching?,multiple_choice,Eructation,Eructation,Exholation,Entoplation,Extermination,,,Quizsentials,,False,14 Apr 2026,Round 1 - Keypad.sqq,1,14 Apr 2026,Literature & Language,,
Maximilien Robespierre was an influential figure during which country's revolution in the late 18th century?,text_answer,France,,,,,,,Quizsentials,,False,14 Apr 2026,Round 1 - Keypad.sqq,1,14 Apr 2026,History,,
"Which US city would you associate with the formation of the bands Raydio, The White Stripes, The Temptations, and The Supremes?",text_answer,Detroit,,,,,,,Quizsentials,,False,14 Apr 2026,Round 1 - Keypad.sqq,1,14 Apr 2026,Music,,
How many letter L's are there in the standard British-English spelling of the word 'fulfil'?,number,2 Fulfil (American-English is fulfill),,,,,,,Quizsentials,,False,14 Apr 2026,Round 1 - Keypad.sqq,1,14 Apr 2026,Literature & Language,,
"""I have no fear of the Trump administration"" is a recent quote from whom?",multiple_choice,Pope Leo,Benjamin Netanyahu,Iran's Supreme Leader,Vladimir Putin,Pope Leo,,,Quizsentials,,False,14 Apr 2026,Round 1 - Keypad.sqq,1,14 Apr 2026,Current Affairs,Yes,Uses 'recent' and references current political figure
Name the character.,text_answer,Cookie Monster,,,,,,,Quizsentials,,True,14 Apr 2026,Round 1 - Keypad.sqq,6,16 Feb 2025,Film & TV,,
Put these WWE pay-per-view events in the order they appear in a calendar year.,sequence,Royal Rumble -> WrestleMania -> Summer Slam -> Survivor Series,Royal Rumble,WrestleMania,Summer Slam,Survivor Series,,,Quizsentials,,False,14 Apr 2026,Round 1 - Keypad.sqq,2,13 Aug 2024,Sport,Yes,WWE calendar order may change annually
Which 'Game of Thrones' character is also known as 'Littlefinger'?,text_answer,Petyr Baelish,,,,,,,Quizsentials,,False,14 Apr 2026,Round 1 - Keypad.sqq,1,14 Apr 2026,Film & TV,,
"In pool with numbered balls, what is the total when you add the numbers of the two blue balls?",number,12 (2 + 10),,,,,,,Quizsentials,,False,14 Apr 2026,Round 1 - Keypad.sqq,1,14 Apr 2026,General Knowledge,,
Name the actor pictured here.,text_answer,Sean Bean,,,,,,,Quizsentials,,True,14 Apr 2026,Round 1 - Keypad.sqq,20,20 Aug 2025,Film & TV,,
'Uptown Special' is a 2015 album by what British musician and producer?,text_answer,Mark Ronson,,,,,,,Quizsentials,,False,14 Apr 2026,Round 1 - Keypad.sqq,1,14 Apr 2026,Music,,
"If a coffee bean is darker, its caffeine content is generally... what?",multiple_choice,Lower,Lower,Higher,,,,,Quizsentials,,False,14 Apr 2026,Round 1 - Keypad.sqq,1,14 Apr 2026,Science & Nature,,
"In Beatrix Potter's children's books, what kind of animal was Jeremy Fisher?",text_answer,Frog,,,,,,,Quizsentials,,False,14 Apr 2026,Round 1 - Keypad.sqq,1,14 Apr 2026,Literature & Language,,
Tap these letters in order to spell the name of a household appliance manufacturer.,sequence,D -> Y -> S -> O -> N,D,Y,S,O,N,,Quizsentials,,False,14 Apr 2026,Round 1 - Keypad.sqq,1,14 Apr 2026,General Knowledge,,
"From the logo, name the contemporary American casual wear and dress clothing brand.",text_answer,Juicy Couture,,,,,,,Quizsentials,,True,14 Apr 2026,Round 1 - Keypad.sqq,1,14 Apr 2026,General Knowledge,,
What common substance has the chemical formula NaCl?,text_answer,Salt,,,,,,,Quizsentials,,False,14 Apr 2026,Round 1 - Keypad.sqq,1,14 Apr 2026,Science & Nature,,
"First coined in 2025, which of these is a term for AI-generated political propaganda videos?",multiple_choice,Slopaganda,Slopaganda,Flopaganda,Laptopaganda,Propaslop,,,Quizsentials,,False,14 Apr 2026,Round 1 - Keypad.sqq,1,14 Apr 2026,Current Affairs,Yes,references term coined in 2025
"Known for his military tactics called the 'Art of War', what country was the historical philosopher and army general Sun Tzu from?",text_answer,China,,,,,,,Quizsentials,,False,14 Apr 2026,Round 3 - Keypad.sqq,1,14 Apr 2026,History,,
"In what year was Windows XP publicly launched, Tom Cruise and Nicole Kidman separated after 10 years of marriage, and Alicia Keys released her debut single 'Fallin''?",number,2001,,,,,,,Quizsentials,,False,14 Apr 2026,Round 3 - Keypad.sqq,1,14 Apr 2026,General Knowledge,,
"Among the top ten most-subscribed YouTube channels, what is the name of the children's channel that specialises in 3D animation videos of traditional nursery rhymes?",text_answer,Cocomelon,,,,,,,Quizsentials,,False,14 Apr 2026,Round 3 - Keypad.sqq,1,14 Apr 2026,Current Affairs,Yes,top-ten rankings change over time
Which British adventurer is the only man to lead a transglobal expedition travelling from pole to pole using only land transport?,text_answer,Ranulph Fiennes,,,,,,,Quizsentials,,False,14 Apr 2026,Round 3 - Keypad.sqq,1,14 Apr 2026,History,,
"In mathematics, which of the following is a reducible fraction?",multiple_choice,4/8,4/8,7/5,33/100,13/20,,,Quizsentials,,False,14 Apr 2026,Round 3 - Keypad.sqq,1,14 Apr 2026,Science & Nature,,
Which artist is pictured here performing at the 2017 MTV EMAs on top of a police car?,text_answer,Stormzy,,,,,,,Quizsentials,,True,14 Apr 2026,Round 3 - Keypad.sqq,1,14 Apr 2026,Film & TV,,
The international airport with the code LAS serves which city?,multiple_choice,Las Vegas,Las Vegas,Las Palmas,La Paz,Lahore,,,Quizsentials,,False,14 Apr 2026,Round 3 - Keypad.sqq,1,14 Apr 2026,Geography,,
In what year did Gary Lineker score six goals at the World Cup to win the Golden Boot?,number,1986,,,,,,,Quizsentials,,False,14 Apr 2026,Round 3 - Keypad.sqq,1,14 Apr 2026,Sport,,
The phrase 'face the music' means which of these things?,multiple_choice,To accept the consequences of your actions,To blame an act of God,To have no regrets,To accept the consequences of your actions,To run away,,,Quizsentials,,False,14 Apr 2026,Round 3 - Keypad.sqq,1,14 Apr 2026,Literature & Language,,
"In this diagram of a human cell, what is the name of the little black dots, represented by the number 10, whose function is to make proteins?",multiple_choice,Ribosomes,Mitochondria,Lysosomes,Centrioles,Ribosomes,,,Quizsentials,,True,14 Apr 2026,Round 3 - Keypad.sqq,1,14 Apr 2026,Science & Nature,,
Which TV show's new third season recently had a special premiere screening at Coachella festival?,text_answer,Euphoria,,,,,,,Quizsentials,,False,14 Apr 2026,Round 3 - Keypad.sqq,1,14 Apr 2026,Current Affairs,Yes,references recent premiere event
"Starting with the oldest, put the children of Helen and Bob Parr from 'The Incredibles' in age order.",sequence,Violet -> Dash -> Jack-Jack,Violet,Dash,Jack-Jack,,,,Quizsentials,,False,14 Apr 2026,Round 3 - Keypad.sqq,1,14 Apr 2026,Film & TV,,
"What type of animals are bogsuckers, bushtits and bustards?",text_answer,Birds,,,,,,,Quizsentials,,False,14 Apr 2026,Round 3 - Keypad.sqq,1,14 Apr 2026,Science & Nature,,
What property of a liquid describes its resistance to flow?,text_answer,Viscosity,,,,,,,Quizsentials,,False,14 Apr 2026,Round 3 - Keypad.sqq,1,14 Apr 2026,Science & Nature,,
What company produces this breakfast biscuit?,text_answer,Belvita,,,,,,,Quizsentials,,True,14 Apr 2026,Round 3 - Keypad.sqq,1,14 Apr 2026,Food & Drink,,
What form of rugby has been contested at the Summer Olympics since 2016?,multiple_choice,Rugby sevens,Rugby fives,Rugby sevens,Rugby nines,Rugby elevens,,,Quizsentials,,False,14 Apr 2026,Round 3 - Keypad.sqq,1,14 Apr 2026,Sport,,
"In Disney's 1951 animated classic 'Alice in Wonderland', what can be found attached to the top of Tweedle Dee and Tweedle Dum's hats?",multiple_choice,Green Flags,Propellers,Umbrellas,Bicycle Horns,Green Flags,,,Quizsentials,,False,14 Apr 2026,Round 3 - Keypad.sqq,1,14 Apr 2026,Film & TV,,
"To date, how many women have been the Republican presidential nominee in a US election?",number,0,,,,,,,Quizsentials,,False,14 Apr 2026,Round 3 - Keypad.sqq,1,14 Apr 2026,Current Affairs,Yes,asks for current count through election
Name the classic horror film from this poster.,text_answer,The Exorcist,,,,,,,Quizsentials,,True,14 Apr 2026,Round 3 - Keypad.sqq,1,14 Apr 2026,Film & TV,,
"""Same bed but it feels just a little bit bigger now, Our song on the radio but it don't sound the same"" are the opening lines from which Bruno Mars song?",text_answer,When I Was Your Man,,,,,,,Quizsentials,,False,14 Apr 2026,Round 3 - Keypad.sqq,1,14 Apr 2026,Music,,
Which former Batman actor plays the villain in the more recent superhero movie 'Spider-Man: Homecoming'?,text_answer,Michael Keaton,,,,,,,Quizsentials,,False,14 Apr 2026,Round 2 - Keypad.sqq,1,14 Apr 2026,Film & TV,,
In which US state is the city of New Orleans?,text_answer,Louisiana,,,,,,,Quizsentials,,False,14 Apr 2026,Round 2 - Keypad.sqq,1,14 Apr 2026,Geography,,
Which fast-fashion retailer was founded in 1998 by Amancio Ortega in Spain?,multiple_choice,Bershka,Primark,ASOS,Bershka,Boohoo,,,Quizsentials,,False,14 Apr 2026,Round 2 - Keypad.sqq,1,14 Apr 2026,General Knowledge,,
Name the goalkeeper depicted here in Subbuteo form.,text_answer,Rene Higuita (of Colombia),,,,,,,Quizsentials,,True,14 Apr 2026,Round 2 - Keypad.sqq,1,14 Apr 2026,Sport,,
"Due to their composition of rock, dust and ice, what celestial bodies are popularly described by astronomers as 'dirty snowballs' and 'icy dirtballs'?",multiple_choice,Comets,Stars,Gas planets,Black holes,Comets,,,Quizsentials,,False,14 Apr 2026,Round 2 - Keypad.sqq,1,14 Apr 2026,Science & Nature,,
"""High-speed pursuits of fleeing criminals"" is a description of what video game?",multiple_choice,Chase HQ,Chase HQ,Chase IT,Chase On,Chase,,,Quizsentials,,False,14 Apr 2026,Round 2 - Keypad.sqq,1,14 Apr 2026,Film & TV,,
"In 'Harry Potter and the Philosopher's Stone', which position did Hermione take on the giant chessboard as the three heroes made their way to the hidden stone?",multiple_choice,Rook,Knight,Queen,Rook,Pawn,,,Quizsentials,,False,14 Apr 2026,Round 2 - Keypad.sqq,1,14 Apr 2026,Literature & Language,,
A handrail known as a 'barre' is used extensively in training and warm-up exercises by whom?,multiple_choice,Ballet dancers,Tightrope walkers,Ballet dancers,Weightlifters,Hang gliders,Tennis players,,Quizsentials,,False,14 Apr 2026,Round 2 - Keypad.sqq,1,14 Apr 2026,Art & Culture,,
Who is this guy?,multiple_choice,Chad Smith,Will Ferrell,Chad Smith,Seth Green,Eddie Murphy,,,Quizsentials,,True,14 Apr 2026,Round 2 - Keypad.sqq,84,2 May 2024,Music,,
"In golf, who recently won the Masters for the second successive year?",text_answer,Rory McIlroy,,,,,,,Quizsentials,,False,14 Apr 2026,Round 2 - Keypad.sqq,1,14 Apr 2026,Sport,Yes,uses 'recently' and current record claim
"Known for the 2020s singles 'Water' and 'Chanel', name this South African singer-songwriter.",text_answer,Tyla,,,,,,,Quizsentials,,True,14 Apr 2026,Round 2 - Keypad.sqq,1,14 Apr 2026,Music,Yes,references 2020s singles and current status
Shaitan and Iblis are names in the Quran for which religious figure?,multiple_choice,Satan,Christ,Abraham,Adam,Satan,,,Quizsentials,,False,14 Apr 2026,Round 2 - Keypad.sqq,1,14 Apr 2026,General Knowledge,,
In what '90s cartoon series did Baloo the bear from 'Jungle Book' pilot a seaplane named the Sea Duck?,text_answer,Talespin,,,,,,,Quizsentials,,False,14 Apr 2026,Round 2 - Keypad.sqq,1,14 Apr 2026,Film & TV,,
This is an infrared photograph of which planet?,text_answer,Jupiter,,,,,,,Quizsentials,,True,14 Apr 2026,Round 2 - Keypad.sqq,1,14 Apr 2026,Science & Nature,,
What is the most widely spoken language in Kosovo?,text_answer,Albanian,,,,,,,Quizsentials,,False,14 Apr 2026,Round 2 - Keypad.sqq,1,14 Apr 2026,Geography,,
What is the minimum number of people you need in a room such that there is a 50-50 chance of two people having the same birthday?,multiple_choice,23,23,50,182,183,,,Quizsentials,,False,14 Apr 2026,Round 2 - Keypad.sqq,1,14 Apr 2026,Science & Nature,,
"In thermal decomposition, or thermolysis, how many reactants are there?",multiple_choice,One,One,Two,Five,Ten,,,Quizsentials,,False,14 Apr 2026,Round 2 - Keypad.sqq,1,14 Apr 2026,Science & Nature,,
"In terms of geographical area, put these African countries in order of size, from largest to smallest.",sequence,Sudan -> South Africa -> Ghana -> Rwanda,Sudan,South Africa,Ghana,Rwanda,,,Quizsentials,,False,14 Apr 2026,Round 2 - Keypad.sqq,4,20 Aug 2023,Geography,,
Which 'Harry Potter' character's face has replaced Hermione's in this image?,text_answer,Ron (Weasley),,,,,,,Quizsentials,,True,14 Apr 2026,Round 2 - Keypad.sqq,1,14 Apr 2026,Literature & Language,,
Which legendary American boxer had the nicknames 'Motor City Cobra' and 'The Hitman'?,text_answer,Thomas Hearns,,,,,,,Quizsentials,,False,14 Apr 2026,Round 2 - Keypad.sqq,1,14 Apr 2026,Sport,,
How many years separated the death of Ludwig van Beethoven and the release of the Chuck Berry song 'Roll Over Beethoven'?,number,129 years (Beethoven died in 1827; 'Roll Over Beethoven' was released 1956),,,,,,,Nearest Wins,,False,15 Apr 2026,Round 4 - Nearest Wins.sqn,1,15 Apr 2026,Music,,
What is the name of the actor who began dating Ariana Grande after meeting on the set of the 2024 film 'Wicked'?,text_answer,Ethan Slater,,,,,,,Quizsentials,,False,15 Apr 2026,Round 1 - Keypad.sqq,1,15 Apr 2026,Current Affairs,Yes,references recent 2024 dating relationship
"Which US state is nicknamed ""The Garden State""?",text_answer,New Jersey,,,,,,,Quizsentials,,False,15 Apr 2026,Round 1 - Keypad.sqq,1,15 Apr 2026,Geography,,
Brothers Richard and Maurice McDonald opened the first McDonald's restaurant in California in what year?,multiple_choice,1940,1930,1940,1950,1960,1970,1980,Quizsentials,,False,15 Apr 2026,Round 1 - Keypad.sqq,1,15 Apr 2026,Food & Drink,,
What was the first name of the tennis player that founded this brand?,text_answer,René (René Lacoste),,,,,,,Quizsentials,,True,15 Apr 2026,Round 1 - Keypad.sqq,1,15 Apr 2026,Fashion,,
What is the Earth's largest continent by surface area?,multiple_choice,Asia,Africa,Asia,Antarctica,Australia,,,Quizsentials,,False,15 Apr 2026,Round 1 - Keypad.sqq,1,15 Apr 2026,Geography,,
"What year saw the release of the games 'Tomb Raider II', 'Crash Bandicoot 2: Cortex Strikes Back', and 'Need For Speed II'?",multiple_choice,1997,1992,1997,2002,2007,,,Quizsentials,,False,15 Apr 2026,Round 1 - Keypad.sqq,1,15 Apr 2026,General Knowledge,,
Who played Robin Williams' wife in the 1993 movie 'Mrs Doubtfire'?,text_answer,Sally Field,,,,,,,Quizsentials,,False,15 Apr 2026,Round 1 - Keypad.sqq,1,15 Apr 2026,Film & TV,,
One of the world's largest star sapphires can be found in New York City's American Museum of Natural History. What is its name?,multiple_choice,Star of India,Star of Africa,Star of Cairo,Star of India,Star of Bethlehem,,,Quizsentials,,False,15 Apr 2026,Round 1 - Keypad.sqq,1,15 Apr 2026,Art & Culture,,
"What is the stage name of the American rock 'n' roll singer and dancer pictured here, known for popularising the dance style 'The Twist'?",text_answer,Chubby Checker,,,,,,,Quizsentials,,True,15 Apr 2026,Round 1 - Keypad.sqq,1,15 Apr 2026,Music,,
"In police footage released earlier this month, who is pictured here covered in a blanket in the back of a police car?",text_answer,Tiger Woods,,,,,,,Quizsentials,,True,15 Apr 2026,Round 1 - Keypad.sqq,1,15 Apr 2026,Current Affairs,Yes,references specific recent police footage
Rearrange these words to give the title of a hit song by Bon Jovi.,sequence,You -> Give -> Love -> A -> Bad -> Name,You,Give,Love,A,Bad,Name,Quizsentials,,False,15 Apr 2026,Round 1 - Keypad.sqq,1,15 Apr 2026,Music,,
"As well as their high-quality beers, Trappist monks are famous for their what?",multiple_choice,Silence,Honey,Long hair,Silence,Magic tricks,,,Quizsentials,,False,15 Apr 2026,Round 1 - Keypad.sqq,1,15 Apr 2026,Food & Drink,,
What type of vehicle is the title character in the children's TV show 'Ricky Zoom'?,multiple_choice,Motorbike,Motorbike,Racing car,Helicopter,Hovercraft,,,Quizsentials,,False,15 Apr 2026,Round 1 - Keypad.sqq,1,15 Apr 2026,Film & TV,,
In which Italian city would you find this Shakespearian landmark?,text_answer,Verona (Juliet's balcony),,,,,,,Quizsentials,,True,15 Apr 2026,Round 1 - Keypad.sqq,1,15 Apr 2026,Literature & Language,,
"In Germany, what is a ""Kaufhaus""?",multiple_choice,Department Store,Library,Department Store,Hotel,Public Toilet,,,Quizsentials,,False,15 Apr 2026,Round 1 - Keypad.sqq,1,15 Apr 2026,Literature & Language,,
How many milligrams are in one gram?,number,1000,,,,,,,Quizsentials,,False,15 Apr 2026,Round 1 - Keypad.sqq,1,15 Apr 2026,Science & Nature,,
"In the periodic table, what is the symbol of the chemical element sodium?",text_answer,Na,,,,,,,Quizsentials,,False,15 Apr 2026,Round 1 - Keypad.sqq,1,15 Apr 2026,Science & Nature,,
"Put these countries in order of highest to lowest GDP, according to International Monetary Fund data.",sequence,USA -> China -> France -> Australia -> Botswana,USA,China,France,Australia,Botswana,,Quizsentials,,False,15 Apr 2026,Round 1 - Keypad.sqq,2,20 Feb 2024,Current Affairs,Yes,IMF GDP data changes annually
Name this podcaster.,text_answer,Joe Rogan,,,,,,,Quizsentials,,True,15 Apr 2026,Round 1 - Keypad.sqq,1,15 Apr 2026,Current Affairs,,
What was the married name of '70s tennis star Evonne Goolagong?,text_answer,Cawley,,,,,,,Quizsentials,,False,15 Apr 2026,Round 1 - Keypad.sqq,1,15 Apr 2026,Sport,,
Which of these European countries is NOT a monarchy?,multiple_choice,Serbia,Denmark,Spain,Belgium,Serbia,,,Quizsentials,,False,15 Apr 2026,Round 3 - Keypad.sqq,1,15 Apr 2026,Geography,,
What is the name of the adopted baby of Barney and Betty Rubble?,text_answer,Bamm-Bamm,,,,,,,Quizsentials,,False,15 Apr 2026,Round 3 - Keypad.sqq,1,15 Apr 2026,Film & TV,,
What would Koreans do with 'kimchi'?,multiple_choice,Eat it,Smoke it,Eat it,Wear it,Climb it,,,Quizsentials,,False,15 Apr 2026,Round 3 - Keypad.sqq,1,15 Apr 2026,Food & Drink,,
"Named after the Polish club whose fans brought it to wider attention across Europe, what is this celebration commonly known as?",text_answer,The Poznań,,,,,,,Quizsentials,,True,15 Apr 2026,Round 3 - Keypad.sqq,1,15 Apr 2026,Sport,,
Which of these blood pressures is considered ideal?,multiple_choice,110 over 70,80 over 50,110 over 70,150 over 100,200 over 140,,,Quizsentials,,False,15 Apr 2026,Round 3 - Keypad.sqq,1,15 Apr 2026,Science & Nature,,
The Anglo-Zanzibar War of 1896 is said to be the shortest war in history. Approximately how long did it last?,multiple_choice,40 minutes,4 months,40 days,4 days,4 hours,40 minutes,4 minutes,Quizsentials,,False,15 Apr 2026,Round 3 - Keypad.sqq,1,15 Apr 2026,History,,
"According to the lyrics of the hit 1984 song, ""if there's something strange in your neighbourhood, who you gonna call""?",text_answer,Ghostbusters,,,,,,,Quizsentials,,False,15 Apr 2026,Round 3 - Keypad.sqq,1,15 Apr 2026,Music,,
How many letters make up the word 'procrastination'?,number,15 (Procrastination),,,,,,,Quizsentials,,False,15 Apr 2026,Round 3 - Keypad.sqq,1,15 Apr 2026,General Knowledge,,
"Despite support from Donald Trump and Vladimir Putin, the far-right Viktor Orban was recently ousted as prime minister of which EU country after 16 years in power?",text_answer,Hungary (rival Péter Magyar won a landslide election victory),,,,,,,Quizsentials,,False,15 Apr 2026,Round 3 - Keypad.sqq,1,15 Apr 2026,Current Affairs,Yes,references recent political event and current office-holder
This Disney villain first appeared in what movie?,text_answer,The Little Mermaid,,,,,,,Quizsentials,,True,15 Apr 2026,Round 3 - Keypad.sqq,1,15 Apr 2026,Film & TV,,
The documentary entitled 'I Am Cait' followed the transformation of which former US athlete?,text_answer,Bruce Jenner,,,,,,,Quizsentials,,False,15 Apr 2026,Round 3 - Keypad.sqq,1,15 Apr 2026,Current Affairs,Yes,references person's transformation; outdated name usage
Which metal was used to construct the outside skin of the Statue of Liberty?,multiple_choice,Copper,Brass,Copper,Silver,Iron,,,Quizsentials,,False,15 Apr 2026,Round 3 - Keypad.sqq,1,15 Apr 2026,History,,
This 2022 video of Bella Hadid wearing a white dress went viral. What was so special about the dress?,multiple_choice,It was spray-painted onto her,It was spray-painted onto her,It had only ever been worn by Marilyn Monroe before,It is made from spider silk,It is a hologram,,,Quizsentials,,True,15 Apr 2026,Round 3 - Keypad.sqq,1,15 Apr 2026,Current Affairs,Yes,references specific viral video from 2022
"Angelo Poretti, or Poretti for short, is a beer brand from what country?",text_answer,Italy,,,,,,,Quizsentials,,False,15 Apr 2026,Round 3 - Keypad.sqq,1,15 Apr 2026,Food & Drink,,
What is the title of Stephen King's horror novel published in May 2018?,text_answer,The Outsider,,,,,,,Quizsentials,,False,15 Apr 2026,Round 3 - Keypad.sqq,1,15 Apr 2026,Literature & Language,Yes,references specific publication date in 2018
"Starting with the smallest, tap these things in size order.",sequence,Danish krone coin -> Danish pastry -> 12-week-old Great Dane puppy -> Danish footballer Christian Nørgaard -> Danish city Aalborg -> Danish capital Copenhagen,Danish krone coin,Danish pastry,12-week-old Great Dane puppy,Danish footballer Christian Nørgaard,Danish city Aalborg,Danish capital Copenhagen,Quizsentials,,False,15 Apr 2026,Round 3 - Keypad.sqq,5,10 May 2024,General Knowledge,,
Who is this video game antagonist?,text_answer,Ganondorf (from The Legend of Zelda),,,,,,,Quizsentials,,True,15 Apr 2026,Round 3 - Keypad.sqq,1,15 Apr 2026,Film & TV,,
How many years are in a score?,number,20,,,,,,,Quizsentials,,False,15 Apr 2026,Round 3 - Keypad.sqq,1,15 Apr 2026,General Knowledge,,
"Which 'Spider-Man' actor plays the lead role of Jonathan Larson in the 2021 musical film 'Tick, Tick... Boom!'?",text_answer,Andrew Garfield,,,,,,,Quizsentials,,False,15 Apr 2026,Round 3 - Keypad.sqq,1,15 Apr 2026,Film & TV,,
Which original cast member from 'Wicked' made their Broadway debut in the musical 'Rent'?,text_answer,Idina Menzel,,,,,,,Quizsentials,,False,15 Apr 2026,Round 3 - Keypad.sqq,1,15 Apr 2026,Music,,
The man known as the Red Baron was the most victorious fighter pilot during World War One. How many confirmed kills did he have?,multiple_choice,80,10,20,40,80,160,320,Quizsentials,,False,15 Apr 2026,Round 2 - Keypad.sqq,1,15 Apr 2026,History,,
"In what year did 'Grey's Anatomy' make its debut on TV, Mariah Carey's 'We Belong Together' was a long-running number one pop hit, and 'Be Cool' starring John Travolta and Uma Thurman was at the cinema?",multiple_choice,2005,1999,2002,2005,2008,,,Quizsentials,,False,15 Apr 2026,Round 2 - Keypad.sqq,1,15 Apr 2026,General Knowledge,,
Which social media star broke the record for most viewed video on TikTok with a video of him flying on a magic broom like Harry Potter?,text_answer,Zach King,,,,,,,Quizsentials,,False,15 Apr 2026,Round 2 - Keypad.sqq,1,15 Apr 2026,Current Affairs,Yes,references TikTok record; records change over time
"The quote ""old age isn't so bad when you consider the alternative"" is commonly attributed to which French actor and singer?",text_answer,Maurice Chevalier,,,,,,,Quizsentials,,False,15 Apr 2026,Round 2 - Keypad.sqq,1,15 Apr 2026,Film & TV,,
Name the hit Taylor Swift song from this not particularly cryptic clue.,text_answer,Cardigan,,,,,,,Quizsentials,,True,15 Apr 2026,Round 2 - Keypad.sqq,1,15 Apr 2026,Music,,
The island 'Commonwealth of Dominica' sits in which sea or ocean?,multiple_choice,Caribbean,Caribbean,Indian,Pacific,Tasman,,,Quizsentials,,False,15 Apr 2026,Round 2 - Keypad.sqq,1,15 Apr 2026,Geography,,
"Which German footballer won the FIFA World Player of the Year award in 1991, a year after winning the Ballon d'Or?",text_answer,Lothar Matthaus,,,,,,,Quizsentials,,False,15 Apr 2026,Round 2 - Keypad.sqq,1,15 Apr 2026,Sport,,
What is considered the perfect housewarming gift in Korea?,multiple_choice,Toilet paper,Potted plants,Cutlery,Bread,Toilet paper,,,Quizsentials,,False,15 Apr 2026,Round 2 - Keypad.sqq,1,15 Apr 2026,Food & Drink,,
Solve this mathematical problem.,number,370,,,,,,,Quizsentials,,True,15 Apr 2026,Round 2 - Keypad.sqq,18,24 Jan 2024,General Knowledge,,
Which pop star recently went viral after asking a fan to stop yodelling during her Coachella set?,text_answer,Sabrina Carpenter (The yodelling was an Arabic chant called a Zaghrouta; Carpenter has apologised for the misunderstanding),,,,,,,Quizsentials,,False,15 Apr 2026,Round 2 - Keypad.sqq,1,15 Apr 2026,Current Affairs,Yes,references recent viral incident at Coachella
"Tap these Superman actors in order, so that their first names are in alphabetical order.",sequence,Routh -> Reeve -> Corenswet -> Cavill,Routh,Reeve,Corenswet,Cavill,,,Quizsentials,,False,15 Apr 2026,Round 2 - Keypad.sqq,1,15 Apr 2026,Film & TV,,
An ostentation is a collective noun for what bird?,text_answer,Peacocks (could also have a 'pride' of peacocks or a 'muster' of peacocks),,,,,,,Quizsentials,,False,15 Apr 2026,Round 2 - Keypad.sqq,1,15 Apr 2026,Science & Nature,,
Max Planck is noted for originating what theory?,multiple_choice,Quantum theory,Theory of genetics,Cyclotron theory,Theory of evolution,Quantum theory,,,Quizsentials,,False,15 Apr 2026,Round 2 - Keypad.sqq,1,15 Apr 2026,Science & Nature,,
Which manufacturer produces this car?,text_answer,Porsche (Cayenne),,,,,,,Quizsentials,,True,15 Apr 2026,Round 2 - Keypad.sqq,1,15 Apr 2026,General Knowledge,,
Which of these is the name of a Major League Baseball team?,multiple_choice,Atlanta Braves,Atlanta Braves,Atlanta Indians,Atlanta Rockies,Atlanta Royals,,,Quizsentials,,False,15 Apr 2026,Round 2 - Keypad.sqq,1,15 Apr 2026,Sport,,
"How many times do you live, according to the title of a 1960s James Bond film?",number,2 'You Only Live Twice',,,,,,,Quizsentials,,False,15 Apr 2026,Round 2 - Keypad.sqq,1,15 Apr 2026,Film & TV,,
'Build Back Better' was a slogan used by which candidate in the 2020 US presidential election?,text_answer,Joe Biden,,,,,,,Quizsentials,,False,15 Apr 2026,Round 2 - Keypad.sqq,1,15 Apr 2026,Current Affairs,Yes,references specific 2020 election event
"From earliest to latest, put these American conflicts in chronological order.",sequence,Revolutionary War -> Civil War -> World War Two -> Vietnam War -> Gulf War,Revolutionary War,Civil War,World War Two,Vietnam War,Gulf War,,Quizsentials,,False,15 Apr 2026,Round 2 - Keypad.sqq,1,15 Apr 2026,History,,
Which British supermodel was this 18-carat gold sculpture modelled on?,text_answer,Kate Moss,,,,,,,Quizsentials,,True,15 Apr 2026,Round 2 - Keypad.sqq,1,15 Apr 2026,Art & Culture,,
"'Filthy', 'Tunnel Vision', 'Mirrors' and 'Señorita' are songs that have been released by which American singer?",text_answer,Justin Timberlake,,,,,,,Quizsentials,,False,15 Apr 2026,Round 2 - Keypad.sqq,1,15 Apr 2026,Music,,
"In the film 'Star Wars Episode IV: A New Hope' as it appears on Disney+, including pre-film credits, how many seconds pass before we hear the line ""help me Obi-Wan Kenobi, you're my only hope"" for the first time?",number,"1,269 (21 minutes 9 seconds)",,,,,,,Nearest Wins,,False,13 Aug 2026,Round 4 - Nearest Wins.sqn,1,13 Aug 2026,Film & TV,Yes,version-specific timing for Disney+ edit
The name of which European country is also the name of a province in Belgium?,multiple_choice,Luxembourg,Lithuania,Latvia,Liechtenstein,Luxembourg,,,Quizsentials,,False,13 Aug 2026,Round 1 - Keypad.sqq,1,13 Aug 2026,Geography,,
Who was the captain of the sci-fi submarine 'Stingray' in the TV series of the same name?,text_answer,Troy Tempest,,,,,,,Quizsentials,,False,13 Aug 2026,Round 1 - Keypad.sqq,1,13 Aug 2026,Film & TV,,
"A dish with a breadcrumb and cheese crust is described as ""Au..."" what?",multiple_choice,Gratin,Naturel,Poivre,Gratin,Papillote,,,Quizsentials,,False,13 Aug 2026,Round 1 - Keypad.sqq,1,13 Aug 2026,Food & Drink,,
Which of the co-host countries wore this kit at this summer's FIFA World Cup?,text_answer,Canada,,,,,,,Quizsentials,,True,13 Aug 2026,Round 1 - Keypad.sqq,1,13 Aug 2026,Sport,Yes,references specific World Cup event
The liver is found mainly on which side of the human body?,multiple_choice,Right,Right,Left,,,,,Quizsentials,,False,13 Aug 2026,Round 1 - Keypad.sqq,1,13 Aug 2026,Science & Nature,,
Henry Morgan infamously carried out much of his piracy in which location?,multiple_choice,Caribbean Sea,Mediterranean Sea,Red Sea,Dead Sea,Caribbean Sea,,,Quizsentials,,False,13 Aug 2026,Round 1 - Keypad.sqq,1,13 Aug 2026,History,,
What popular artist sang the song 'I'm Afraid of Americans'?,text_answer,David Bowie,,,,,,,Quizsentials,,False,13 Aug 2026,Round 1 - Keypad.sqq,1,13 Aug 2026,Music,,
Which of these phrases has the correct grammar / spelling at the end?,multiple_choice,These cupcakes sell for $2 apiece.,These cupcakes sell for $2 apiece.,These cupcakes sell for $2 a piece.,,,,,Quizsentials,,False,13 Aug 2026,Round 1 - Keypad.sqq,1,13 Aug 2026,Literature & Language,,
"Which aerospace company recently crashed a rocket into the surface of the moon, creating a new crater?",text_answer,SpaceX,,,,,,,Quizsentials,,False,13 Aug 2026,Round 1 - Keypad.sqq,1,13 Aug 2026,Current Affairs,Yes,uses 'recently' and specific event timing
Name this Nintendo brain-training game.,text_answer,Big Brain Academy,,,,,,,Quizsentials,,True,13 Aug 2026,Round 1 - Keypad.sqq,1,13 Aug 2026,General Knowledge,,
"Starting with the earliest, tap these men in the order they first won 'World's Strongest Man'.",sequence,Geoff Capes -> Magnús Ver Magnússon -> Brian Shaw -> Eddie Hall -> Tom Stoltman,Geoff Capes,Magnús Ver Magnússon,Brian Shaw,Eddie Hall,Tom Stoltman,,Quizsentials,,False,13 Aug 2026,Round 1 - Keypad.sqq,1,13 Aug 2026,Sport,Yes,"lists record-holders, order may change"
"What long-running horror video game franchise was adapted into a 2022 Netflix TV series starring Lance Reddick, only to be cancelled after one season?",text_answer,Resident Evil,,,,,,,Quizsentials,,False,13 Aug 2026,Round 1 - Keypad.sqq,1,13 Aug 2026,Film & TV,Yes,references 2022 series cancellation event
What German car company manufactures the A1?,text_answer,Audi,,,,,,,Quizsentials,,False,13 Aug 2026,Round 1 - Keypad.sqq,1,13 Aug 2026,General Knowledge,,
Name the horror film from this picture.,text_answer,Obsession,,,,,,,Quizsentials,,True,13 Aug 2026,Round 1 - Keypad.sqq,1,13 Aug 2026,Film & TV,,
Which singer did Whitney Houston marry in 1992?,text_answer,Bobby Brown,,,,,,,Quizsentials,,False,13 Aug 2026,Round 1 - Keypad.sqq,1,13 Aug 2026,Music,,
The lager company Grolsch is of what nationality?,multiple_choice,Dutch,Dutch,Danish,German,Belgian,,,Quizsentials,,False,13 Aug 2026,Round 1 - Keypad.sqq,1,13 Aug 2026,Food & Drink,,